date,station_id,city,pm25,no2,aqi,aqi_category,temperature_c,humidity_pct,precipitation_mm,wind_speed_kmh,day_of_week,month,target_next_day_aqi,target_next_day_category,aqi_lag_1,aqi_lag_2,aqi_lag_3,pm25_lag_1,pm25_lag_2,pm25_lag_3,no2_lag_1,no2_lag_2,no2_lag_3,aqi_roll_mean_3d,aqi_roll_mean_7d,aqi_roll_std_7d,pm25_roll_mean_3d,pm25_roll_mean_7d,pm25_roll_std_7d,no2_roll_mean_3d,no2_roll_mean_7d,no2_roll_std_7d
2025-02-18,1,Delhi,95.0,44.66875,214.6551724137931,Poor,15.4,68.0,0.0,5.05,1.0,2.0,128.31034482758622,Moderate,,,,,,,,,,,,,,,,,,
2025-02-19,1,Delhi,69.11805555555556,50.10694444444445,128.31034482758622,Moderate,20.766666666666666,54.41666666666666,0.15,6.604166666666667,2.0,2.0,88.17241379310346,Satisfactory,214.6551724137931,,,95.0,,,44.66875,,,214.6551724137931,214.6551724137931,,95.0,95.0,,44.66875,44.66875,
2025-02-20,1,Delhi,52.5625,41.427083333333336,88.17241379310346,Satisfactory,18.541666666666668,72.5,0.2041666666666666,11.004166666666668,3.0,2.0,204.41379310344828,Poor,128.31034482758622,214.6551724137931,,69.11805555555556,95.0,,50.10694444444445,44.66875,,171.48275862068965,171.48275862068965,61.05501310659016,82.05902777777777,82.05902777777777,18.30129842696015,47.38784722222223,47.38784722222223,3.845384169077679
2025-02-21,1,Delhi,92.31597222222224,32.43298611111111,204.41379310344828,Poor,19.04583333333333,70.125,0.0,6.254166666666666,4.0,2.0,131.72413793103448,Moderate,88.17241379310346,128.31034482758622,214.6551724137931,52.5625,69.11805555555556,95.0,41.427083333333336,50.10694444444445,44.66875,143.71264367816093,143.71264367816093,64.63277159836736,72.22685185185185,72.22685185185185,21.38887122714518,45.400925925925925,45.400925925925925,4.3860071154666285
2025-02-22,1,Delhi,69.64236111111111,37.42326388888889,131.72413793103448,Moderate,18.28333333333333,64.41666666666667,0.0,7.45,5.0,2.0,193.17241379310343,Moderate,204.41379310344828,88.17241379310346,128.31034482758622,92.31597222222224,52.5625,69.11805555555556,32.43298611111111,41.427083333333336,50.10694444444445,140.29885057471265,158.88793103448276,60.87764363906984,71.33217592592594,77.24913194444446,20.146523212738394,41.32233796296297,42.158940972222226,7.407197268295711
2025-02-23,1,Delhi,88.30208333333333,36.58645833333333,193.17241379310343,Moderate,19.120833333333334,60.458333333333336,0.0,5.220833333333333,6.0,2.0,218.0689655172414,Poor,131.72413793103448,204.41379310344828,88.17241379310346,69.64236111111111,92.31597222222224,52.5625,37.42326388888889,32.43298611111111,41.427083333333336,141.4367816091954,153.45517241379312,54.103049382059545,71.50694444444444,75.72777777777779,17.775949782591795,37.09444444444444,41.21180555555556,6.755387184766487
2025-02-24,1,Delhi,96.18402777777776,34.83645833333333,218.0689655172414,Poor,20.35833333333333,56.79166666666666,0.0,5.2875000000000005,0.0,2.0,245.3793103448276,Poor,193.17241379310343,131.72413793103448,204.41379310344828,88.30208333333333,69.64236111111111,92.31597222222224,36.58645833333333,37.42326388888889,32.43298611111111,176.43678160919544,160.07471264367817,51.035495873758876,83.4201388888889,77.82349537037037,16.707474552007938,35.48090277777778,40.44091435185185,6.330390533021822
2025-02-25,1,Delhi,103.68055555555556,35.157291666666666,245.3793103448276,Poor,21.90416666666667,51.208333333333336,0.0,4.320833333333334,1.0,2.0,286.34482758620686,Poor,218.0689655172414,193.17241379310343,131.72413793103448,96.18402777777776,88.30208333333333,69.64236111111111,34.83645833333333,36.58645833333333,37.42326388888889,180.98850574712642,168.35960591133008,51.48780821154074,84.70949074074073,80.44642857142857,16.756338252399335,36.28206018518518,39.64027777777778,6.154835718091297
2025-02-26,1,Delhi,116.4861111111111,39.60833333333333,286.34482758620686,Poor,24.47083333333333,55.625,0.0,4.383333333333334,2.0,2.0,93.24137931034484,Satisfactory,245.3793103448276,218.0689655172414,193.17241379310343,103.68055555555556,96.18402777777776,88.30208333333333,35.157291666666666,34.83645833333333,36.58645833333333,218.8735632183908,172.74876847290642,57.09621780215415,96.05555555555554,81.68650793650794,18.266101879980965,35.52673611111111,38.28149801587302,5.904513397864599
2025-02-27,1,Delhi,56.22916666666666,33.550000000000004,93.24137931034484,Satisfactory,20.5625,68.66666666666667,0.0416666666666666,10.379166666666666,3.0,2.0,94.93103448275862,Satisfactory,286.34482758620686,245.3793103448276,218.0689655172414,116.4861111111111,103.68055555555556,96.18402777777776,39.60833333333333,35.157291666666666,34.83645833333333,249.9310344827586,195.32512315270932,66.98422344037418,105.45023148148148,88.45337301587301,21.34797419030798,36.53402777777777,36.78169642857142,3.037354822569459
2025-02-28,1,Delhi,56.58680555555555,26.744444444444444,94.93103448275862,Satisfactory,19.325,79.16666666666667,0.1458333333333333,9.229166666666666,4.0,2.0,101.0,Moderate,93.24137931034484,286.34482758620686,245.3793103448276,56.22916666666666,116.4861111111111,103.68055555555556,33.550000000000004,39.60833333333333,35.157291666666666,208.32183908045977,196.04926108374383,65.64682544117808,92.13194444444444,88.97718253968254,20.341829179691164,36.10520833333334,35.656398809523814,2.427389719451184
2025-03-03,1,Delhi,58.4780701754386,36.43333333333334,96.6206896551724,Satisfactory,21.725,57.9,0.0,5.955,0.0,3.0,66.20689655172414,Satisfactory,,101.0,94.93103448275862,,60.87745098039216,56.58680555555555,,31.280392156862742,26.744444444444444,97.96551724137933,173.16091954022988,86.89887426197429,58.73212826797386,81.67401960784314,26.89243682941768,29.012418300653597,33.52948665577342,4.298975359793334
2025-03-04,1,Delhi,39.927083333333336,17.749305555555555,66.20689655172414,Satisfactory,19.058333333333334,55.91666666666666,0.0,13.054166666666667,1.0,3.0,54.37931034482759,Satisfactory,96.6206896551724,,101.0,58.4780701754386,,60.87745098039216,36.43333333333334,,31.280392156862742,98.81034482758622,152.91954022988506,88.47651136778012,59.67776057791538,75.38969334078661,27.227085728426026,33.85686274509804,33.79563248910676,4.4430866445249295
2025-03-05,1,Delhi,32.614583333333336,14.734722222222222,54.37931034482759,Satisfactory,17.983333333333334,41.625,0.0,17.270833333333332,2.0,3.0,121.48275862068964,Moderate,66.20689655172414,96.6206896551724,,39.927083333333336,58.4780701754386,,17.749305555555555,36.43333333333334,,81.4137931034483,123.05747126436783,80.94477107955083,49.20257675438597,64.7641146370829,26.40597384407314,27.091319444444444,30.894301470588232,7.795245434522891
2025-03-06,1,Delhi,66.65277777777779,24.675,121.48275862068964,Moderate,19.758333333333333,45.083333333333336,0.0,7.483333333333333,3.0,3.0,193.17241379310343,Moderate,54.37931034482759,66.20689655172414,96.6206896551724,32.614583333333336,39.927083333333336,58.4780701754386,14.734722222222222,17.749305555555555,36.43333333333334,72.40229885057472,84.39655172413792,19.21566381961701,43.67324561403509,50.78552667411994,11.596544213092153,22.972453703703703,26.748699618736385,8.785337999383623
2025-03-07,1,Delhi,87.58695652173913,24.612152777777776,193.17241379310343,Moderate,21.04583333333333,43.125,0.0,5.8625,4.0,3.0,186.3448275862069,Moderate,121.48275862068964,54.37931034482759,66.20689655172414,66.65277777777779,32.614583333333336,39.927083333333336,24.675,14.734722222222222,17.749305555555555,80.68965517241381,89.10344827586208,24.537461955935907,46.39814814814815,52.52279519263846,13.239539404499457,19.05300925925926,25.269532952069714,8.134196430907888
2025-03-08,1,Delhi,86.00347222222223,13.814583333333331,186.3448275862069,Moderate,23.15,43.66666666666666,0.0,6.116666666666667,5.0,3.0,235.1379310344828,Poor,193.17241379310343,121.48275862068964,54.37931034482759,87.58695652173913,66.65277777777779,32.614583333333336,24.612152777777776,24.675,14.734722222222222,123.01149425287356,105.47701149425286,49.39283872025404,62.28477254428341,57.689487020335726,19.64300395074749,21.340625,24.914151007625275,8.103391446888931
2025-03-09,1,Delhi,100.6736111111111,12.853125,235.1379310344828,Poor,24.9625,43.29166666666666,0.0,7.733333333333333,6.0,3.0,265.8620689655172,Poor,186.3448275862069,193.17241379310343,121.48275862068964,86.00347222222223,87.58695652173913,66.65277777777779,13.814583333333331,24.612152777777776,24.675,167.0,119.70114942528734,59.167332257760286,80.0810688405797,61.87715722730741,22.871542030537807,21.033912037037037,22.00318287037037,8.487092881744909
2025-03-10,1,Delhi,109.71875,6.271180555555556,265.8620689655172,Poor,25.433333333333334,46.583333333333336,0.0,7.325,0.0,3.0,310.2093023255814,Very Poor,235.1379310344828,186.3448275862069,193.17241379310343,100.6736111111111,86.00347222222223,87.58695652173913,12.853125,13.814583333333331,24.612152777777776,204.8850574712644,136.19211822660097,69.43324397907772,91.42134661835748,67.4195077821365,25.513651445592455,17.093287037037033,20.696031746031743,8.484464022699902
2025-03-11,1,Delhi,132.74305555555557,17.202430555555555,310.2093023255814,Very Poor,27.08333333333333,47.625,0.0,4.3625,1.0,3.0,218.0689655172414,Poor,265.8620689655172,235.1379310344828,186.3448275862069,109.71875,100.6736111111111,86.00347222222223,6.271180555555556,12.853125,13.814583333333331,229.11494252873567,160.3694581280788,81.73375886500523,98.7986111111111,74.73960489993098,29.55184228198671,10.979629629629628,16.38715277777778,6.612682050313131
2025-03-12,1,Delhi,95.94097222222224,26.22951388888889,218.0689655172414,Poor,26.59583333333333,46.79166666666666,0.0,7.1875,2.0,3.0,224.89655172413796,Poor,310.2093023255814,265.8620689655172,235.1379310344828,132.74305555555557,109.71875,100.6736111111111,17.202430555555555,6.271180555555556,12.853125,270.4031007751938,195.22694466720125,86.75878856630057,114.37847222222223,87.99902950310559,32.045983986661646,12.108912037037035,16.30902777777778,6.597119023315612
2025-03-13,1,Delhi,98.38541666666669,31.503472222222225,224.89655172413796,Poor,24.745833333333334,56.04166666666666,0.2458333333333333,5.5125,3.0,3.0,111.24137931034484,Moderate,218.0689655172414,310.2093023255814,265.8620689655172,95.94097222222224,132.74305555555557,109.71875,26.22951388888889,17.202430555555555,6.271180555555556,264.71344560278004,218.61118112040324,60.57841829915174,112.80092592592594,97.04565648723258,20.754187915261962,16.567708333333332,17.951140873015873,7.507704212145292
2025-03-14,1,Delhi,63.523809523809526,11.555833333333334,111.24137931034484,Moderate,26.509523809523813,48.0,0.0047619047619047,7.085714285714286,4.0,3.0,64.51724137931035,Satisfactory,224.89655172413796,218.0689655172414,310.2093023255814,98.38541666666669,95.94097222222224,132.74305555555557,31.503472222222225,26.22951388888889,17.202430555555555,251.05827318898696,233.38458013518155,43.004400509243354,109.02314814814817,101.5788906142167,15.909296525786553,24.97847222222222,18.926636904761903,8.850498960565941
2025-03-15,1,Delhi,39.4875,10.650833333333331,64.51724137931035,Satisfactory,24.53,54.25,0.025,8.355,5.0,3.0,72.9655172413793,Satisfactory,111.24137931034484,224.89655172413796,218.0689655172414,63.523809523809526,98.38541666666669,95.94097222222224,11.555833333333334,31.503472222222225,26.22951388888889,184.7356321839081,221.68014663764464,62.50234344977534,85.95006613756614,98.14129818594105,21.167309626328233,23.096273148148146,17.061448412698415,8.828355347738507
2025-03-16,1,Delhi,44.32986111111112,10.215079365079363,72.9655172413793,Satisfactory,23.6375,43.333333333333336,0.0,6.866666666666667,6.0,3.0,121.48275862068964,Moderate,64.51724137931035,111.24137931034484,224.89655172413796,39.4875,63.523809523809526,98.38541666666669,10.650833333333331,11.555833333333334,31.503472222222225,133.55172413793107,204.27620575094514,86.38149061801492,67.13224206349207,91.49615929705216,30.74672369387319,17.90337962962963,16.60948412698413,9.099112591519685
2025-03-17,1,Delhi,66.65972222222221,11.537083333333332,121.48275862068964,Moderate,23.041666666666668,45.66666666666666,0.0,8.304166666666667,0.0,3.0,138.55172413793105,Moderate,72.9655172413793,64.51724137931035,111.24137931034484,44.32986111111112,39.4875,63.523809523809526,10.215079365079363,10.650833333333331,11.555833333333334,82.90804597701151,181.10871806621608,97.72708167678529,49.113723544973546,83.44705215419502,35.02162020245416,10.807248677248674,16.23262046485261,9.332265664066252
2025-03-18,1,Delhi,71.51736111111111,6.109313725490196,138.55172413793105,Moderate,23.84166666666667,42.5,0.0,7.587499999999999,1.0,3.0,155.6206896551724,Moderate,121.48275862068964,72.9655172413793,64.51724137931035,66.65972222222221,44.32986111111112,39.4875,11.537083333333332,10.215079365079363,10.650833333333331,86.32183908045978,160.48310230266927,91.921803117403,50.15902777777777,77.29576247165535,33.3811999855799,10.800998677248673,16.98489229024943,8.577135187425139
2025-03-19,1,Delhi,76.75,2.1444444444444444,155.6206896551724,Moderate,25.5125,34.75,0.0,6.05,2.0,3.0,121.48275862068964,Moderate,138.55172413793105,121.48275862068964,72.9655172413793,71.51736111111111,66.65972222222221,44.32986111111112,6.109313725490196,11.537083333333332,10.215079365079363,111.00000000000001,135.96059113300495,63.96780808418024,60.83564814814815,68.54923469387757,22.764381716632144,9.287158807967629,15.400161314525809,9.504865144612793
2025-03-20,1,Delhi,66.50347222222221,62.22115384615385,121.48275862068964,Moderate,26.275,31.416666666666668,0.0,6.9,3.0,3.0,207.8275862068965,Poor,155.6206896551724,138.55172413793105,121.48275862068964,76.75,71.51736111111111,66.65972222222221,2.1444444444444444,6.109313725490196,11.537083333333332,138.55172413793105,127.03940886699509,54.220083464344505,71.6423611111111,65.8076672335601,19.88983983281954,6.596947167755989,11.959437108176603,9.288198960818008
2025-03-21,1,Delhi,93.1602564102564,45.56111111111111,207.8275862068965,Poor,25.191666666666663,32.791666666666664,0.0,8.799999999999999,4.0,3.0,165.86206896551724,Moderate,121.48275862068964,155.6206896551724,138.55172413793105,66.50347222222221,76.75,71.51736111111111,62.22115384615385,2.1444444444444444,6.109313725490196,138.55172413793105,112.26600985221674,33.08067771859791,71.59027777777777,61.253103741496595,13.94991288912226,23.49163733869616,16.347677340166832,20.522744026195486
2025-03-22,1,Delhi,79.59420289855073,44.36376811594203,165.86206896551724,Moderate,25.426086956521736,34.73913043478261,0.0,7.7043478260869565,5.0,3.0,176.10344827586206,Moderate,207.8275862068965,121.48275862068964,155.6206896551724,93.1602564102564,66.50347222222221,76.75,45.56111111111111,62.22115384615385,2.1444444444444444,161.64367816091954,126.06403940886698,48.92895036010724,78.80457621082621,65.48688186813186,18.50692016419482,36.642236467236465,21.20557416556366,23.06645091515877
2025-03-23,1,Delhi,83.45486111111111,36.40694444444444,176.10344827586206,Moderate,26.433333333333334,32.166666666666664,0.0,4.8500000000000005,6.0,3.0,238.55172413793105,Poor,165.86206896551724,207.8275862068965,121.48275862068964,79.59420289855073,93.1602564102564,66.50347222222221,44.36376811594203,45.56111111111111,62.22115384615385,165.0574712643678,140.54187192118223,42.215468075831744,79.75264384367645,71.21641085363912,14.99051197782153,50.71534435773566,26.021707705936333,23.996181446171274
2025-03-24,1,Delhi,101.62152777777776,38.38888888888889,238.55172413793105,Poor,27.34583333333333,32.875,0.0,5.879166666666666,0.0,3.0,241.9655172413793,Poor,176.10344827586206,165.86206896551724,207.8275862068965,83.45486111111111,79.59420289855073,93.1602564102564,36.40694444444444,44.36376811594203,45.56111111111111,183.26436781609195,155.27586206896552,31.281792389140634,85.40310680663941,76.80569656792484,9.630723408438056,42.11060789049919,29.7634027172742,23.147721326620285
2025-03-25,1,Delhi,103.39930555555556,47.02881944444445,241.9655172413793,Poor,28.941666666666663,31.166666666666668,0.0,5.5,1.0,3.0,248.79310344827587,Poor,238.55172413793105,176.10344827586206,165.86206896551724,101.62152777777776,83.45486111111111,79.59420289855073,38.38888888888889,36.40694444444444,44.36376811594203,193.50574712643683,172.0,40.220892262548915,88.2235305958132,81.80024021871847,12.211820908949203,39.71986714975845,33.59937493949642,21.810164025338064
2025-03-26,1,Delhi,105.4375,48.621875,248.79310344827587,Poor,30.5625,26.33333333333333,0.0,5.604166666666667,2.0,3.0,196.5862068965517,Moderate,241.9655172413793,238.55172413793105,176.10344827586206,103.39930555555556,101.62152777777776,83.45486111111111,47.02881944444445,38.38888888888889,36.40694444444444,218.87356321839084,186.7733990147783,44.63730551517998,96.15856481481482,86.35480371078198,13.603584698736089,40.60821759259259,39.44501861363274,18.437033353551328
2025-03-27,1,Delhi,89.1388888888889,40.83298611111111,196.5862068965517,Moderate,29.754166666666663,27.416666666666668,0.0,7.804166666666667,3.0,3.0,71.27586206896552,Satisfactory,248.79310344827587,241.9655172413793,238.55172413793105,105.4375,103.39930555555556,101.62152777777776,48.621875,47.02881944444445,38.38888888888889,243.1034482758621,200.08374384236453,47.593293896484084,103.4861111111111,90.45301799649626,14.518233483890615,44.67986111111111,46.08465155014068,8.404700811091283
2025-03-28,1,Delhi,42.895833333333336,14.497569444444444,71.27586206896552,Satisfactory,24.916666666666668,20.75,0.0,12.8875,4.0,3.0,83.10344827586206,Satisfactory,196.5862068965517,248.79310344827587,241.9655172413793,89.1388888888889,105.4375,103.39930555555556,40.83298611111111,48.621875,47.02881944444445,229.11494252873567,210.81280788177335,33.21409822209003,99.32523148148148,93.68664894887719,10.162235888495994,45.494560185185186,43.029199016563155,4.576693249195539
2025-03-29,1,Delhi,50.420138888888886,16.411458333333332,83.10344827586206,Satisfactory,23.23333333333333,22.791666666666668,0.0,12.245833333333332,5.0,3.0,98.3103448275862,Satisfactory,71.27586206896552,196.5862068965517,248.79310344827587,42.895833333333336,89.1388888888889,105.4375,14.497569444444444,40.83298611111111,48.621875,172.2183908045977,191.30541871921181,62.47257798290493,79.1574074074074,86.50601708074534,21.74904508681036,34.650810185185186,38.59155020703934,11.51427335290707
2025-03-30,1,Delhi,59.21527777777778,30.902083333333334,98.3103448275862,Satisfactory,24.9125,22.20833333333333,0.0,9.129166666666666,6.0,3.0,114.65517241379312,Moderate,83.10344827586206,71.27586206896552,196.5862068965517,50.420138888888886,42.895833333333336,89.1388888888889,16.411458333333332,14.497569444444444,40.83298611111111,116.98850574712644,179.48275862068962,74.72038244624558,60.81828703703704,82.33829365079364,25.72597187214053,23.914004629629627,34.5983630952381,13.799094884822384
2025-03-31,1,Delhi,64.54513888888889,30.928125,114.65517241379312,Moderate,26.4625,21.041666666666668,0.0,8.291666666666666,0.0,3.0,224.89655172413796,Poor,98.3103448275862,83.10344827586206,71.27586206896552,59.21527777777778,50.420138888888886,42.895833333333336,30.902083333333334,16.411458333333332,14.497569444444444,84.22988505747128,168.36945812807883,80.84121907088192,50.84375,78.87549603174602,27.142967601553586,20.6037037037037,33.811954365079366,13.835657824304732
2025-04-01,1,Delhi,98.0798611111111,39.12743055555556,224.89655172413796,Poor,26.525,21.5,0.0,7.541666666666667,1.0,4.0,276.1034482758621,Poor,114.65517241379312,98.3103448275862,83.10344827586206,64.54513888888889,59.21527777777778,50.420138888888886,30.928125,30.902083333333334,16.411458333333332,98.68965517241382,150.66995073891624,76.3528893799301,58.06018518518518,73.57886904761905,25.53442615731882,26.080555555555552,32.74613095238096,13.711119878464402
2025-04-02,1,Delhi,113.3888888888889,42.74201388888889,276.1034482758621,Poor,28.27916666666667,21.58333333333333,0.0,5.158333333333333,2.0,4.0,159.0344827586207,Moderate,224.89655172413796,114.65517241379312,98.3103448275862,98.0798611111111,64.54513888888889,59.21527777777778,39.12743055555556,30.928125,30.902083333333334,145.95402298850578,148.23152709359607,73.15698731914166,73.94675925925925,72.81894841269842,24.55958515553953,33.6525462962963,31.617361111111112,12.621250562127093
2025-04-03,1,Delhi,78.03819444444444,44.87361111111111,159.0344827586207,Moderate,29.7625,17.166666666666668,0.0,4.633333333333334,3.0,4.0,128.31034482758622,Moderate,276.1034482758621,224.89655172413796,114.65517241379312,113.3888888888889,98.0798611111111,64.54513888888889,42.74201388888889,39.12743055555556,30.928125,205.21839080459776,152.13300492610838,79.83703781729463,92.00462962962963,73.95486111111111,26.432169216860427,37.599189814814814,30.777380952380952,11.441454122846755
2025-04-04,1,Delhi,69.02430555555556,41.92083333333333,128.31034482758622,Moderate,30.195833333333336,17.875,0.0,7.766666666666667,4.0,4.0,228.31034482758625,Poor,159.0344827586207,276.1034482758621,224.89655172413796,78.03819444444444,113.3888888888889,98.0798611111111,44.87361111111111,42.74201388888889,39.12743055555556,220.01149425287358,146.76847290640396,77.58201192819052,96.50231481481482,72.36904761904762,25.691998422290848,42.24768518518518,31.3546130952381,12.115399055359417
2025-04-05,1,Delhi,99.2326388888889,41.840625,228.31034482758625,Poor,28.995833333333334,22.541666666666668,0.0,8.429166666666667,5.0,4.0,282.9310344827586,Poor,128.31034482758622,159.0344827586207,276.1034482758621,69.02430555555556,78.03819444444444,113.3888888888889,41.92083333333333,44.87361111111111,42.74201388888889,187.81609195402302,154.91625615763547,71.0524161525761,86.81712962962963,76.1016865079365,22.381024273558598,43.178819444444436,35.272222222222226,10.00623827249772
2025-04-06,1,Delhi,115.35069444444444,41.95381944444444,282.9310344827586,Poor,31.10833333333333,21.5,0.0,5.675,6.0,4.0,269.2758620689655,Poor,228.31034482758625,128.31034482758622,159.0344827586207,99.2326388888889,69.02430555555556,78.03819444444444,41.840625,41.92083333333333,44.87361111111111,171.88505747126442,175.66009852216752,67.71033765266738,82.09837962962963,83.0749007936508,20.577416961403607,42.87835648148148,38.90496031746032,5.712367055995475
2025-04-07,1,Delhi,110.90686274509802,75.7436274509804,269.2758620689655,Poor,30.705882352941178,25.647058823529413,0.0,5.458823529411765,0.0,4.0,231.72413793103448,Poor,282.9310344827586,228.31034482758625,128.31034482758622,115.35069444444444,99.2326388888889,69.02430555555556,41.95381944444444,41.840625,41.92083333333333,213.18390804597706,202.0344827586207,68.5114969044292,94.53587962962963,91.09424603174604,20.66743207647996,41.90509259259259,40.48377976190476,4.538495168749378
2025-04-08,1,Delhi,99.6111111111111,43.584375,231.72413793103448,Poor,33.079166666666666,21.70833333333333,0.0,6.795833333333333,1.0,4.0,259.0344827586207,Poor,269.2758620689655,282.9310344827586,228.31034482758625,110.90686274509802,115.35069444444444,99.2326388888889,75.7436274509804,41.95381944444444,41.840625,260.1724137931035,224.12315270935963,60.04698865941695,108.49673202614379,97.71734943977592,17.997604893839654,53.17935729847495,46.8859943977591,12.836247412463377
2025-04-11,1,Delhi,36.275,60.16416666666667,74.87179487179488,Satisfactory,22.01,80.3,0.1599999999999999,7.42,4.0,4.0,72.9655172413793,Satisfactory,,259.0344827586207,231.72413793103448,,107.66666666666669,99.6111111111111,,26.766666666666666,43.584375,245.3793103448276,233.26436781609195,55.62367466033665,103.63888888888891,100.29871323529413,16.571539451852864,35.17552083333334,45.30165781590414,16.172972618112926
2025-04-12,1,Delhi,43.85069444444445,50.79826388888889,72.9655172413793,Satisfactory,26.39583333333333,54.04166666666666,0.0458333333333333,4.545833333333333,5.0,4.0,165.86206896551724,Moderate,74.87179487179488,,259.0344827586207,36.275,,107.66666666666669,60.16416666666667,,26.766666666666666,166.9531388152078,224.3579428234601,76.24549783317218,71.97083333333335,94.84049564270153,29.377794484983852,43.46541666666667,48.3422133714597,17.098652246125592
2025-04-13,1,Delhi,80.48263888888889,66.63402777777777,165.86206896551724,Moderate,28.754166666666663,44.91666666666666,0.0,3.754166666666667,6.0,4.0,221.48275862068965,Poor,72.9655172413793,74.87179487179488,,43.85069444444445,36.275,,50.79826388888889,60.16416666666667,,73.91865605658711,198.46713822575893,97.927444738303,40.062847222222224,85.61017156862745,35.73443620061158,55.48121527777778,49.83515318627451,16.805998097215102
2025-04-14,1,Delhi,97.23333333333332,37.24333333333333,221.48275862068965,Poor,28.46,43.9,0.0,6.83,0.0,4.0,114.65517241379312,Moderate,165.86206896551724,72.9655172413793,74.87179487179488,80.48263888888889,43.85069444444445,36.275,66.63402777777777,50.79826388888889,60.16416666666667,104.56646035956383,178.95564397288535,88.98727154772126,53.53611111111112,79.79882897603486,32.63100466415891,59.19881944444444,53.948521241830065,17.497290336770117
2025-04-15,1,Delhi,65.40384615384616,30.34423076923077,114.65517241379312,Moderate,33.23076923076923,31.692307692307693,0.0,7.199999999999999,1.0,4.0,148.79310344827587,Moderate,221.48275862068965,165.86206896551724,72.9655172413793,97.23333333333332,80.48263888888889,43.85069444444445,37.24333333333333,66.63402777777777,50.79826388888889,153.43678160919544,170.99012673150605,81.07254699507985,73.85555555555555,77.51990740740742,30.42697356975733,51.55854166666666,47.53180555555556,14.749691880478702
2025-04-16,1,Delhi,75.44736842105263,43.13815789473684,148.79310344827587,Moderate,33.28947368421053,29.94736842105263,0.0,6.226315789473684,2.0,4.0,169.27586206896552,Moderate,114.65517241379312,221.48275862068965,165.86206896551724,65.40384615384616,97.23333333333332,80.48263888888889,30.34423076923077,37.24333333333333,66.63402777777777,167.33333333333337,151.47863247863248,77.54302792006776,81.03993945868945,71.81869658119658,28.610342301292548,44.74053062678062,45.32511485042735,16.360810913162435
2025-04-17,1,Delhi,81.33333333333333,57.92361111111112,169.27586206896552,Moderate,33.1625,34.416666666666664,0.0,8.25,3.0,4.0,118.06896551724138,Moderate,148.79310344827587,114.65517241379312,221.48275862068965,75.44736842105263,65.40384615384616,97.23333333333332,43.13815789473684,30.34423076923077,37.24333333333333,161.64367816091956,133.10506926024166,57.40736900388746,79.36151596941072,66.4488135402609,23.012322220142323,36.90857399910032,48.05369672177238,13.813591106198214
2025-04-18,1,Delhi,66.02083333333333,32.19895833333333,118.06896551724138,Moderate,33.28333333333333,39.875,0.0,8.683333333333334,4.0,4.0,114.65517241379312,Moderate,169.27586206896552,148.79310344827587,114.65517241379312,81.33333333333333,75.44736842105263,65.40384615384616,57.92361111111112,43.13815789473684,30.34423076923077,144.24137931034485,138.27232537577365,54.159413742841295,74.0615159694107,68.57517351069983,21.7475437395485,43.801999925026244,49.46368449167791,13.150255052786909
2025-04-19,1,Delhi,65.0,21.353571428571428,114.65517241379312,Moderate,32.34285714285714,48.0,0.0,11.7,5.0,4.0,141.9655172413793,Moderate,118.06896551724138,169.27586206896552,148.79310344827587,66.02083333333333,81.33333333333333,75.44736842105263,32.19895833333333,57.92361111111112,43.13815789473684,145.37931034482762,144.44334975369458,47.82159601074034,74.26717836257309,72.82457827260458,16.70606332706958,44.420242446393765,45.46865472977315,13.597940154522957
2025-04-20,1,Delhi,73.2156862745098,45.53186274509804,141.9655172413793,Moderate,33.258823529411764,31.352941176470587,0.0,7.229411764705882,6.0,4.0,135.13793103448276,Moderate,114.65517241379312,118.06896551724138,169.27586206896552,65.0,66.02083333333333,81.33333333333333,21.353571428571428,32.19895833333333,57.92361111111112,134.00000000000003,150.39901477832512,39.26702521934976,70.78472222222221,75.84590763768395,11.778471706597564,37.158713624338624,41.26227009258495,16.01405978871422
2025-04-21,1,Delhi,71.04861111111111,59.70243055555556,135.13793103448276,Moderate,33.5,15.0,0.0,7.491666666666667,0.0,4.0,148.79310344827587,Moderate,141.9655172413793,114.65517241379312,118.06896551724138,73.2156862745098,65.0,66.02083333333333,45.53186274509804,21.353571428571428,32.19895833333333,124.89655172413795,146.98522167487684,38.73378277830152,68.07883986928105,74.80777154991551,11.620879745993289,33.0281308356676,38.24767508791641,11.899506415436784
2025-04-22,1,Delhi,74.63194444444444,62.62430555555556,148.79310344827587,Moderate,32.3375,10.5,0.0,8.625,1.0,4.0,235.1379310344828,Poor,135.13793103448276,141.9655172413793,114.65517241379312,71.04861111111111,73.2156862745098,65.0,59.70243055555556,45.53186274509804,21.353571428571428,130.58620689655174,134.65024630541873,20.523358776725427,69.75476579520698,71.0670969467409,6.1039060843577175,42.19595490974167,41.45611754823387,14.357510382224728
2025-04-23,1,Delhi,101.06944444444444,67.04166666666667,235.1379310344828,Poor,32.4125,11.708333333333334,0.0,8.316666666666666,2.0,4.0,196.5862068965517,Moderate,148.79310344827587,135.13793103448276,141.9655172413793,74.63194444444444,71.04861111111111,73.2156862745098,62.62430555555556,59.70243055555556,45.53186274509804,141.96551724137933,139.52709359605913,18.977976203252293,72.96541394335513,72.38539670254066,5.65709503390247,55.952866285403054,46.06755680342313,15.343778206751953
2025-04-24,1,Delhi,89.22101449275362,64.54131944444444,196.5862068965517,Moderate,33.075,11.833333333333334,0.0,6.5875,3.0,4.0,221.48275862068965,Poor,235.1379310344828,148.79310344827587,135.13793103448276,101.06944444444444,74.63194444444444,71.04861111111111,67.04166666666667,62.62430555555556,59.70243055555556,173.02298850574718,151.86206896551724,41.13290138920945,82.25,76.04569327731092,12.326332735810961,63.12280092592593,49.48234377084168,17.138143103942223
2025-04-25,1,Delhi,97.4375,70.25555555555556,221.48275862068965,Poor,34.28333333333333,12.333333333333334,0.0,7.079166666666667,4.0,4.0,201.0,Poor,196.5862068965517,235.1379310344828,148.79310344827587,89.22101449275362,101.06944444444444,74.63194444444444,64.54131944444444,67.04166666666667,62.62430555555556,193.50574712643683,155.76354679802958,44.23790056548035,88.30746779388085,77.17250487151382,13.218502773699333,64.73576388888888,50.42773067560358,17.84916969841832
2025-04-26,1,Delhi,91.34420289855072,61.88229166666667,201.0,Poor,34.44583333333333,13.833333333333334,0.0,8.295833333333333,5.0,4.0,224.89655172413796,Poor,221.48275862068965,196.5862068965517,235.1379310344828,97.4375,89.22101449275362,101.06944444444444,70.25555555555556,64.54131944444444,67.04166666666667,217.73563218390805,170.5369458128079,46.74810369443999,95.9093196457327,81.66060010960906,14.1048582107277,67.27951388888889,55.86438742163533,17.153770216690596
2025-04-27,1,Delhi,97.91666666666669,59.848958333333336,224.89655172413796,Poor,34.170833333333334,13.708333333333334,0.0,4.229166666666667,6.0,4.0,304.06976744186045,Very Poor,201.0,221.48275862068965,196.5862068965517,91.34420289855072,97.4375,89.22101449275362,61.88229166666667,70.25555555555556,64.54131944444444,206.35632183908046,182.87192118226602,40.52257589869641,92.66757246376811,85.42405766654488,12.320263987634961,65.55972222222222,61.65420459850607,7.917026654477762
2025-04-30,1,Delhi,75.36764705882354,27.538425925925925,148.79310344827587,Moderate,31.766666666666666,34.05555555555556,0.0,9.63888888888889,2.0,4.0,152.20689655172413,Moderate,,304.06976744186045,224.89655172413796,,125.38541666666669,97.91666666666669,,48.89270833333333,59.848958333333336,264.48315958299924,230.5288692862871,38.90275240250337,111.65104166666669,100.39570752818037,13.012606350209431,54.37083333333334,62.07708333333333,7.435552220571586
2025-05-01,1,Delhi,76.5,25.43298611111111,152.20689655172413,Moderate,31.77916666666667,37.04166666666666,0.0,10.295833333333333,3.0,5.0,86.48275862068965,Satisfactory,148.79310344827587,,304.06976744186045,75.36764705882354,,125.38541666666669,27.538425925925925,,48.89270833333333,226.4314354450682,216.13806468858596,50.95888764006657,100.37653186274511,96.11207463057688,16.507528250737064,38.215567129629626,55.49320987654321,15.392365729716323
2025-05-02,1,Delhi,51.888888888888886,37.859722222222224,86.48275862068965,Satisfactory,25.23333333333333,73.38888888888889,0.6888888888888889,6.7444444444444445,4.0,5.0,189.7586206896552,Moderate,152.20689655172413,148.79310344827587,,76.5,75.36764705882354,,25.43298611111111,27.538425925925925,,150.50000000000003,208.74151296444802,57.202633504658394,75.93382352941177,93.99190554845127,18.29026246184468,26.485706018518517,48.975154320987656,18.71610584769159
2025-05-03,1,Delhi,86.60069444444444,54.10833333333333,189.7586206896552,Moderate,28.5625,51.125,0.1416666666666666,5.608333333333333,5.0,5.0,196.5862068965517,Moderate,86.48275862068965,152.20689655172413,148.79310344827587,51.888888888888886,76.5,75.36764705882354,37.859722222222224,25.43298611111111,27.538425925925925,129.1609195402299,186.24151296444802,74.97742336484512,67.91884531590414,86.40047036326608,24.850275919198392,30.277044753086418,43.57584876543209,15.793957335984684
2025-05-04,1,Delhi,88.67708333333333,44.13159722222222,196.5862068965517,Moderate,30.0,52.208333333333336,0.0833333333333333,5.541666666666667,6.0,5.0,88.17241379310346,Satisfactory,189.7586206896552,86.48275862068965,152.20689655172413,86.60069444444444,51.888888888888886,76.5,54.10833333333333,37.859722222222224,25.43298611111111,142.81609195402302,184.3679497460572,74.67471559306864,71.66319444444444,85.60988562091505,24.736735917233215,39.13368055555555,42.28018904320987,14.233625092974059
2025-05-05,1,Delhi,52.68402777777778,43.50972222222222,88.17241379310346,Satisfactory,27.725,61.083333333333336,0.0041666666666666,7.679166666666666,0.0,5.0,93.24137931034484,Satisfactory,196.5862068965517,189.7586206896552,86.48275862068965,88.67708333333333,86.60069444444444,51.888888888888886,44.13159722222222,54.10833333333333,37.859722222222224,157.60919540229887,179.6495589414595,72.46337654749037,75.72222222222221,84.06995506535948,24.096692904206037,45.366550925925914,39.660628858024694,11.546201980994331
2025-05-06,1,Delhi,55.94444444444445,37.82326388888889,93.24137931034484,Satisfactory,27.73333333333333,59.25,0.0166666666666666,8.200000000000001,1.0,5.0,114.65517241379312,Moderate,88.17241379310346,196.5862068965517,189.7586206896552,52.68402777777778,88.67708333333333,86.60069444444444,43.50972222222222,44.13159722222222,54.10833333333333,158.17241379310346,143.66666666666666,47.69438810965295,75.98726851851852,71.95305691721133,16.127286098874546,47.24988425925926,38.76346450617283,10.875005342270674
2025-05-07,1,Delhi,65.32986111111111,47.67256944444444,114.65517241379312,Moderate,27.870833333333334,64.5,0.0208333333333333,6.375,2.0,5.0,196.5862068965517,Moderate,93.24137931034484,88.17241379310346,196.5862068965517,55.94444444444445,52.68402777777778,88.67708333333333,37.82326388888889,43.50972222222222,44.13159722222222,126.00000000000001,136.4630541871921,47.52760366611101,65.76851851851852,69.66611227824464,15.91703305375564,41.82152777777778,38.62915013227513,9.933834445264752
2025-05-08,1,Delhi,88.94927536231884,49.97717391304347,196.5862068965517,Moderate,28.73478260869565,57.391304347826086,0.117391304347826,6.5086956521739125,3.0,5.0,141.9655172413793,Moderate,114.65517241379312,93.24137931034484,88.17241379310346,65.32986111111111,55.94444444444445,52.68402777777778,47.67256944444444,37.82326388888889,43.50972222222222,98.68965517241384,131.58620689655172,47.802208417683296,57.986111111111114,68.23214285714286,15.769238750553919,43.00185185185185,41.50545634920635,9.064157507964067
2025-05-09,1,Delhi,72.9375,47.47465277777778,141.9655172413793,Moderate,31.3375,46.16666666666666,0.0458333333333333,4.608333333333333,4.0,5.0,211.24137931034485,Poor,196.5862068965517,114.65517241379312,93.24137931034484,88.94927536231884,65.32986111111111,55.94444444444445,49.97717391304347,47.67256944444444,37.82326388888889,134.82758620689657,137.92610837438423,53.585964394529164,70.07452697262481,70.01061076604556,17.467659762225242,45.1576690821256,45.01176889233954,6.059975431071293
2025-05-10,1,Delhi,93.61458333333331,50.92395833333333,211.24137931034485,Poor,30.47083333333333,56.583333333333336,0.0625,4.5875,5.0,5.0,94.93103448275862,Satisfactory,141.9655172413793,196.5862068965517,114.65517241379312,72.9375,88.94927536231884,65.32986111111111,47.47465277777778,49.97717391304347,47.67256944444444,151.0689655172414,145.85221674876848,48.57789228467153,75.73887882447666,73.01755521048999,15.532721901221796,48.37479871175523,46.385330400276054,5.196908380632791
2025-05-11,1,Delhi,57.375,29.553472222222226,94.93103448275862,Satisfactory,31.9375,43.458333333333336,0.0,5.795833333333333,6.0,5.0,93.24137931034484,Satisfactory,211.24137931034485,141.9655172413793,196.5862068965517,93.61458333333331,72.9375,88.94927536231884,50.92395833333333,47.47465277777778,49.97717391304347,183.26436781609198,148.92118226600982,52.346458238975316,85.16711956521739,74.01953933747411,16.73469842708696,49.45859500805153,45.93041968599033,4.50097958236243
2025-05-12,1,Delhi,56.119565217391305,40.0231884057971,93.24137931034484,Satisfactory,33.55217391304348,30.217391304347824,0.0,7.552173913043478,0.0,5.0,59.44827586206897,Satisfactory,94.93103448275862,211.24137931034485,141.9655172413793,57.375,93.61458333333331,72.9375,29.553472222222226,50.92395833333333,47.47465277777778,149.37931034482762,134.39901477832512,51.002676703994865,74.6423611111111,69.54781314699792,16.34280441346853,42.65069444444444,43.84783040027605,7.704558198983256
2025-05-13,1,Delhi,35.630434782608695,37.68152173913043,59.44827586206897,Satisfactory,34.8304347826087,22.782608695652176,0.0,10.169565217391304,1.0,5.0,334.0,Very Poor,93.24137931034484,94.93103448275862,211.24137931034485,56.119565217391305,57.375,93.61458333333331,40.0231884057971,29.553472222222226,50.92395833333333,133.1379310344828,135.1231527093596,50.26765009145118,69.03638285024154,70.03860420979986,15.794344932020747,40.16687298711755,43.34975414078674,7.841538026997824
2025-05-14,1,Delhi,163.70833333333334,41.90694444444444,334.0,Very Poor,35.5125,22.291666666666668,0.0,7.008333333333333,2.0,5.0,333.2325581395349,Very Poor,59.44827586206897,93.24137931034484,94.93103448275862,35.630434782608695,56.119565217391305,57.375,37.68152173913043,40.0231884057971,29.553472222222226,82.5402298850575,130.29556650246306,56.22941815605437,49.708333333333336,67.13660282953761,20.095992514062416,35.75272745571658,43.329505262249825,7.858352305121051
2025-05-15,1,Delhi,163.08333333333334,56.36180555555556,333.2325581395349,Very Poor,36.18333333333333,19.291666666666668,0.0,7.954166666666667,3.0,5.0,135.13793103448276,Moderate,334.0,59.44827586206897,93.24137931034484,163.70833333333334,35.630434782608695,56.119565217391305,41.90694444444444,37.68152173913043,40.0231884057971,162.2298850574713,161.6305418719212,94.29403862959927,85.15277777777779,81.19067028985508,41.55981757731478,39.87055152979066,42.50584454796411,7.625994576581442
2025-05-16,1,Delhi,70.71180555555556,52.67951388888889,135.13793103448276,Moderate,35.6375,28.33333333333333,0.0,10.070833333333333,4.0,5.0,67.89655172413794,Satisfactory,333.2325581395349,334.0,59.44827586206897,163.08333333333334,163.70833333333334,35.630434782608695,56.36180555555556,41.90694444444444,37.68152173913043,242.2269446672013,181.15144919234737,114.67787278429788,120.80736714975846,91.78125,52.00064147018089,45.3167572463768,43.4179347826087,8.937545267780534
2025-05-17,1,Delhi,41.10869565217392,31.146014492753626,67.89655172413794,Satisfactory,35.891304347826086,25.65217391304348,0.0,10.7,5.0,5.0,141.9655172413793,Moderate,135.13793103448276,333.2325581395349,334.0,70.71180555555556,163.08333333333334,163.70833333333334,52.67951388888889,56.36180555555556,41.90694444444444,267.45682972467256,180.17607973421926,115.09498556216435,132.50115740740742,91.46329365079364,52.14167747799707,50.31608796296297,44.161486369910286,9.528274558653173
2025-05-18,1,Delhi,72.91666666666667,33.025,141.9655172413793,Moderate,35.15833333333333,37.41666666666666,0.0,9.916666666666666,6.0,5.0,172.68965517241378,Moderate,67.89655172413794,135.13793103448276,333.2325581395349,41.10869565217392,70.71180555555556,163.08333333333334,31.146014492753626,52.67951388888889,56.36180555555556,178.7556802993852,159.69824722190398,121.23488387624808,91.6346115136876,83.96245255348516,55.452151075577,46.72911131239936,41.33606582125604,10.103782860741912
2025-05-19,1,Delhi,81.72569444444444,31.898958333333336,172.68965517241378,Moderate,34.62083333333333,46.208333333333336,0.0,8.2875,0.0,5.0,148.79310344827587,Moderate,141.9655172413793,67.89655172413794,135.13793103448276,72.91666666666667,41.10869565217392,70.71180555555556,33.025,31.146014492753626,52.67951388888889,115.00000000000001,166.4174590445641,118.31526079706438,61.57905595813205,86.18269064872327,54.51338811953825,38.95017612721417,41.83199836093858,9.495974832878563
2025-05-20,1,Delhi,75.21014492753623,28.88840579710145,148.79310344827587,Moderate,35.243478260869566,43.69565217391305,0.0,9.860869565217392,1.0,5.0,96.6206896551724,Satisfactory,172.68965517241378,141.9655172413793,67.89655172413794,81.72569444444444,72.91666666666667,41.10869565217392,31.898958333333336,33.025,31.146014492753626,127.51724137931035,177.76721273914538,113.85216222611373,65.25035225442834,89.84070910973085,52.997896997060074,32.02332427536232,40.67139406487233,10.222570637009026
2025-05-21,1,Delhi,58.273809523809526,24.256060606060604,96.6206896551724,Satisfactory,34.404545454545456,47.22727272727273,0.0,10.572727272727272,2.0,5.0,59.44827586206897,Satisfactory,148.79310344827587,172.68965517241378,141.9655172413793,75.21014492753623,81.72569444444444,72.91666666666667,28.88840579710145,31.898958333333336,33.025,154.48275862068968,190.53075953717493,102.853990652435,76.61750201288244,95.49495341614907,48.138980621385514,31.270788043478262,39.415234644582476,11.149436631072012
2025-05-22,1,Delhi,35.5,31.04201388888889,59.44827586206897,Satisfactory,30.808333333333334,56.0,0.0,11.004166666666668,3.0,5.0,86.48275862068965,Satisfactory,96.6206896551724,148.79310344827587,172.68965517241378,58.273809523809526,75.21014492753623,81.72569444444444,24.256060606060604,28.88840579710145,31.898958333333336,139.36781609195404,156.61942948791383,85.30288241034651,71.73654963193006,80.43287858621709,38.83395077602329,28.34780824549846,36.893679810527644,12.416010440000386
2025-05-23,1,Delhi,51.79166666666666,33.99583333333333,86.48275862068965,Satisfactory,32.90416666666667,49.54166666666666,0.0625,11.858333333333334,4.0,5.0,83.10344827586206,Satisfactory,59.44827586206897,96.6206896551724,148.79310344827587,35.5,58.273809523809526,75.21014492753623,31.04201388888889,24.256060606060604,28.88840579710145,101.62068965517244,117.50738916256158,43.20737684134528,56.32798481711526,62.20668811002662,17.84639165426991,28.06216009735031,33.27656671528954,9.023981156758905
2025-05-24,1,Delhi,49.8125,18.56875,83.10344827586206,Satisfactory,33.5125,47.708333333333336,0.0166666666666666,13.304166666666667,5.0,5.0,41.66666666666667,Good,86.48275862068965,59.44827586206897,96.6206896551724,51.79166666666666,35.5,58.273809523809526,33.99583333333333,31.04201388888889,24.256060606060604,80.85057471264369,110.55665024630541,43.80785084557431,48.52182539682539,59.50381112589963,17.776196684657222,29.764635942760943,30.60746949306732,3.234394355461881
2025-05-25,1,Delhi,24.535714285714285,24.077976190476196,41.66666666666667,Good,28.27142857142857,65.14285714285714,0.0,6.378571428571428,6.0,5.0,93.24137931034484,Satisfactory,83.10344827586206,86.48275862068965,59.44827586206897,49.8125,51.79166666666666,35.5,18.56875,33.99583333333333,31.04201388888889,76.3448275862069,112.72906403940887,41.66438406068619,45.701388888888886,60.74721174701764,16.536212453001532,27.868865740740734,28.810717422673942,5.549930200442359
2025-05-26,1,Delhi,56.34090909090909,48.30227272727272,93.24137931034484,Satisfactory,28.0,74.81818181818181,0.0,5.681818181818182,0.0,5.0,96.6206896551724,Satisfactory,41.66666666666667,83.10344827586206,86.48275862068965,24.535714285714285,49.8125,51.79166666666666,24.077976190476196,18.56875,33.99583333333333,70.41762452107281,98.40065681444992,46.85704632930341,42.04662698412698,53.83564712116731,20.287380190865296,25.547519841269843,27.532571164170545,5.44691668593648
2025-05-27,1,Delhi,57.73550724637681,36.56268115942029,96.6206896551724,Satisfactory,31.330434782608695,60.65217391304348,0.0,5.547826086956522,1.0,5.0,141.9655172413793,Moderate,93.24137931034484,41.66666666666667,83.10344827586206,56.34090909090909,24.535714285714285,49.8125,48.30227272727272,24.077976190476196,18.56875,72.67049808429121,87.05090311986864,33.614335357304824,43.563041125541126,50.2092492135194,16.359671122420334,30.316332972582973,29.87590179187617,9.590708918838216
2025-05-28,1,Delhi,73.34375,33.95520833333333,141.9655172413793,Moderate,31.8875,61.75,0.0,6.2625,2.0,5.0,104.41379310344828,Moderate,96.6206896551724,93.24137931034484,41.66666666666667,57.73550724637681,56.34090909090909,24.535714285714285,36.56268115942029,48.30227272727272,24.077976190476196,77.17624521072798,79.59770114942528,21.095699501449356,46.20404354100006,47.712872401925196,12.869923132237876,36.314310025723074,30.972226843636005,9.892880900189475
2025-05-29,1,Delhi,61.57986111111112,31.104166666666668,104.41379310344828,Moderate,33.7625,46.833333333333336,0.0124999999999999,5.591666666666666,3.0,5.0,148.79310344827587,Moderate,141.9655172413793,96.6206896551724,93.24137931034484,73.34375,57.73550724637681,56.34090909090909,33.95520833333333,36.56268115942029,48.30227272727272,110.60919540229885,86.07553366174056,31.5605169284409,62.4733887790953,49.86572104138098,15.847053991633711,39.606720740008775,32.357819376103535,9.465435172307394
2025-05-30,1,Delhi,74.84027777777779,52.76319444444445,148.79310344827587,Moderate,31.1125,50.16666666666666,0.0,5.516666666666667,4.0,5.0,121.48275862068964,Moderate,104.41379310344828,141.9655172413793,96.6206896551724,61.57986111111112,73.34375,57.73550724637681,31.104166666666668,33.95520833333333,36.56268115942029,114.33333333333333,92.4991789819376,29.762492446494345,64.21970611916264,53.59141548582543,14.9468852059744,33.87401871980676,32.36669834435751,9.46402422501546
2025-05-31,1,Delhi,67.11805555555556,39.45729166666667,121.48275862068964,Moderate,32.104166666666664,46.29166666666666,0.0416666666666666,7.045833333333333,5.0,5.0,76.34482758620689,Satisfactory,148.79310344827587,104.41379310344828,141.9655172413793,74.84027777777779,61.57986111111112,73.34375,52.76319444444445,31.104166666666668,33.95520833333333,131.7241379310345,101.40065681444992,36.26979966033583,69.9212962962963,56.884074215984164,16.895956648760276,39.27418981481481,35.0477499316591,12.25053220777386
2025-06-01,1,Delhi,46.39855072463769,25.03007246376812,76.34482758620689,Satisfactory,30.565217391304348,49.69565217391305,0.1826086956521739,9.139130434782608,6.0,6.0,78.0344827586207,Satisfactory,121.48275862068964,148.79310344827587,104.41379310344828,67.11805555555556,74.84027777777779,61.57986111111112,39.45729166666667,52.76319444444445,31.104166666666668,124.89655172413795,106.88341543513957,35.94224228399351,67.84606481481482,59.35629643820638,16.954764028707384,41.10821759259259,38.031827312611476,9.882702321892205
2025-06-02,1,Delhi,46.891304347826086,33.970652173913045,78.0344827586207,Satisfactory,31.45217391304348,45.47826086956522,0.0130434782608695,5.247826086956522,0.0,6.0,101.0,Moderate,76.34482758620689,121.48275862068964,148.79310344827587,46.39855072463769,67.11805555555556,74.84027777777779,25.03007246376812,39.45729166666667,52.76319444444445,115.5402298850575,111.83743842364531,26.641613139003987,62.78562801932369,62.479558786624004,10.098935573239524,39.08351952495974,38.167841065938894,9.662754963620603
2025-06-03,1,Delhi,60.92361111111112,36.84375,101.0,Moderate,28.025,59.0,0.0,6.108333333333333,1.0,6.0,81.41379310344828,Satisfactory,78.0344827586207,76.34482758620689,121.48275862068964,46.891304347826086,46.39855072463769,67.11805555555556,33.970652173913045,25.03007246376812,39.45729166666667,91.95402298850576,109.66502463054186,28.93223124595675,53.46930354267311,61.12961525189787,11.579329440919102,32.81933876811594,36.12046670117322,8.619556232703719
2025-06-04,1,Delhi,48.85069444444445,31.95104166666667,81.41379310344828,Satisfactory,28.995833333333334,53.458333333333336,0.0124999999999999,5.55,2.0,6.0,69.58620689655173,Satisfactory,101.0,78.0344827586207,76.34482758620689,60.92361111111112,46.891304347826086,46.39855072463769,36.84375,33.970652173913045,25.03007246376812,85.1264367816092,110.29064039408865,28.64911935973529,51.4044887278583,61.585058661145624,11.48590215196949,31.948158212560383,36.160619392684616,8.622613653694557
2025-06-05,1,Delhi,42.44791666666666,32.67777777777778,69.58620689655173,Satisfactory,31.383333333333336,43.29166666666666,0.0,3.779166666666667,3.0,6.0,179.51724137931035,Moderate,81.41379310344828,101.0,78.0344827586207,48.85069444444445,60.92361111111112,46.891304347826086,31.95104166666667,36.84375,33.970652173913045,86.81609195402302,101.64039408866996,26.55629052495611,52.221869967793886,58.08605072463769,11.028383862339282,34.2551479468599,35.874309868875095,8.740515736232691
2025-06-06,1,Delhi,84.20833333333333,51.92743055555556,179.51724137931035,Moderate,33.17916666666667,39.25,0.0,6.208333333333333,4.0,6.0,135.13793103448276,Moderate,69.58620689655173,81.41379310344828,101.0,42.44791666666666,48.85069444444445,60.92361111111112,32.67777777777778,31.95104166666667,36.84375,84.00000000000003,96.66502463054186,29.09157513901382,50.74074074074074,55.35291580400276,12.313988279109767,33.824189814814815,36.09911145617668,8.616742355982089
2025-06-07,1,Delhi,70.875,47.88478260869565,135.13793103448276,Moderate,34.91304347826087,37.91304347826087,0.0,6.813043478260869,5.0,6.0,162.44827586206895,Moderate,179.51724137931035,69.58620689655173,81.41379310344828,84.20833333333333,42.44791666666666,48.85069444444445,51.92743055555556,32.67777777777778,31.95104166666667,110.17241379310347,101.05418719211823,38.923468600632894,58.50231481481481,56.691209454796414,15.00081374933318,38.85208333333333,35.97971661490683,8.348989267682727
2025-06-08,1,Delhi,78.75,48.60069444444445,162.44827586206895,Moderate,36.9625,33.75,0.0,6.916666666666667,6.0,6.0,96.6206896551724,Satisfactory,135.13793103448276,179.51724137931035,69.58620689655173,70.875,84.20833333333333,42.44791666666666,47.88478260869565,51.92743055555556,32.67777777777778,128.08045977011497,103.00492610837439,40.43092017027444,65.84374999999999,57.22791580400276,15.49511158149263,44.16333031400966,37.183643892339546,9.466825520395838
2025-06-09,1,Delhi,58.18402777777778,48.29861111111112,96.6206896551724,Satisfactory,37.50416666666667,24.45833333333333,0.0,10.3125,0.0,6.0,101.0,Moderate,162.44827586206895,135.13793103448276,179.51724137931035,78.75,70.875,84.20833333333333,48.60069444444445,47.88478260869565,51.92743055555556,159.0344827586207,115.30541871921183,43.91581336742327,77.94444444444444,61.84955141476881,16.517663513261404,49.47096920289855,40.55087560386473,8.573182136250368
2025-06-10,1,Delhi,60.65972222222222,42.74930555555556,101.0,Moderate,37.3875,24.875,0.0,7.929166666666667,1.0,6.0,118.06896551724138,Moderate,96.6206896551724,162.44827586206895,135.13793103448276,58.18402777777778,78.75,70.875,48.29861111111112,48.60069444444445,47.88478260869565,131.40229885057474,117.96059113300494,41.797605257006865,69.26967592592592,63.46279761904761,15.321380554812192,48.26136272141707,42.59772688060732,8.449828161037535
2025-06-11,1,Delhi,66.07246376811595,26.794444444444448,118.06896551724138,Moderate,37.25416666666667,38.083333333333336,0.0,8.958333333333334,2.0,6.0,138.55172413793105,Moderate,101.0,96.6206896551724,162.44827586206895,60.65972222222222,58.18402777777778,78.75,42.74930555555556,48.29861111111112,48.60069444444445,120.02298850574714,117.96059113300494,41.797605257006865,65.86458333333333,63.42509920634921,15.328992291288124,46.549537037037034,43.44137767425811,8.065668759492508
2025-06-12,1,Delhi,71.55072463768116,22.74275362318841,138.55172413793105,Moderate,37.165217391304346,42.65217391304348,0.0217391304347826,8.126086956521739,3.0,6.0,94.93103448275862,Satisfactory,118.06896551724138,101.0,96.6206896551724,66.07246376811595,60.65972222222222,58.18402777777778,26.794444444444448,42.74930555555556,48.29861111111112,105.22988505747128,123.19704433497536,38.632108914654495,61.63873792270531,65.8853519668737,13.916976368435863,39.28078703703704,42.704720928226365,9.41296975354859
2025-06-13,1,Delhi,56.53125,23.05173611111111,94.93103448275862,Satisfactory,35.725,50.66666666666666,0.0,8.929166666666667,4.0,6.0,114.65517241379312,Moderate,138.55172413793105,118.06896551724138,101.0,71.55072463768116,66.07246376811595,60.65972222222222,22.74275362318841,26.794444444444448,42.74930555555556,119.20689655172417,133.04926108374383,30.650775172665018,66.09430354267312,70.04289596273291,9.344162678225215,30.76216787439613,41.28543176328503,11.658072132620955
2025-06-16,1,Delhi,35.74122807017544,27.723529411764705,59.44827586206897,Satisfactory,29.115789473684213,82.6842105263158,1.1210526315789473,6.173684210526315,0.0,6.0,57.75862068965517,Satisfactory,,114.65517241379312,94.93103448275862,,65.3731884057971,56.53125,,21.66340579710145,23.05173611111111,104.7931034482759,110.63793103448278,16.653034059916806,60.95221920289854,63.0618961352657,5.633456788522341,22.357570954106272,30.883376107085354,11.605362777889484
2025-06-17,1,Delhi,35.48809523809524,24.514236111111117,57.75862068965517,Satisfactory,28.78333333333333,81.125,0.3541666666666667,5.5,1.0,6.0,74.65517241379311,Satisfactory,59.44827586206897,,114.65517241379312,35.74122807017544,,65.3731884057971,27.723529411764705,,21.66340579710145,87.05172413793107,104.4425287356322,26.75898876983555,50.557208237986266,59.32142951733198,12.628206029609604,24.69346760443307,27.454195823860946,7.868427828168283
2025-06-18,1,Delhi,45.34782608695652,25.15471014492753,74.65517241379311,Satisfactory,29.604347826086958,76.91304347826087,0.0,4.465217391304348,2.0,6.0,46.66666666666667,Good,57.75862068965517,59.44827586206897,,35.48809523809524,35.74122807017544,,24.514236111111117,27.723529411764705,,58.60344827586209,97.23563218390804,32.973072404090615,35.61466165413534,55.126158353310814,15.86185948932352,26.118882761437902,24.415017583120207,2.401838361319254
2025-06-19,1,Delhi,28.5,20.665625,46.66666666666667,Good,29.491666666666664,78.04166666666667,0.0083333333333333,6.675,3.0,6.0,59.44827586206897,Satisfactory,74.65517241379311,57.75862068965517,59.44827586206897,45.34782608695652,35.48809523809524,35.74122807017544,25.15471014492753,24.514236111111117,27.723529411764705,63.95402298850576,90.0,32.2423344870504,38.85904979840907,51.67205207311758,15.245996266581082,25.79749188926778,24.14172853320072,2.157845640368651
2025-06-20,1,Delhi,36.38541666666666,19.784375,59.44827586206897,Satisfactory,28.77916666666667,84.33333333333333,0.0458333333333333,7.229166666666667,4.0,6.0,66.20689655172414,Satisfactory,46.66666666666667,74.65517241379311,57.75862068965517,28.5,45.34782608695652,35.48809523809524,20.665625,25.15471014492753,24.514236111111117,59.69348659003833,74.68582375478927,25.734041899670572,36.44530710835059,44.49693130017071,14.107375634857933,23.44485708534621,23.795540429335986,2.556895648767526
2025-06-21,1,Delhi,40.19298245614035,32.64561403508772,66.20689655172414,Satisfactory,30.389473684210525,78.47368421052632,0.0789473684210526,4.563157894736842,5.0,6.0,66.20689655172414,Satisfactory,59.44827586206897,46.66666666666667,74.65517241379311,36.38541666666666,28.5,45.34782608695652,19.784375,20.665625,25.15471014492753,60.25670498084293,68.772030651341,24.181319970633222,36.74441425120773,41.13929241128182,13.02627841055403,21.86823671497584,23.2509802441508,3.0478026596020866
2025-06-22,1,Delhi,40.43478260869565,23.03985507246377,66.20689655172414,Satisfactory,30.94347826086957,74.65217391304348,0.0347826086956521,4.878260869565217,6.0,6.0,84.79310344827587,Satisfactory,66.20689655172414,59.44827586206897,46.66666666666667,40.19298245614035,36.38541666666666,28.5,32.64561403508772,19.784375,20.665625,57.44061302681994,60.69731800766284,9.314424157172914,35.02613304093567,36.94259141967237,5.592130869832891,24.36520467836257,25.081348283815178,4.734612417854917
2025-06-23,1,Delhi,50.56884057971014,32.6822463768116,84.79310344827587,Satisfactory,31.247826086956525,74.8695652173913,0.0,5.608695652173913,0.0,6.0,162.44827586206895,Moderate,66.20689655172414,66.20689655172414,59.44827586206897,40.43478260869565,40.19298245614035,36.38541666666666,23.03985507246377,32.64561403508772,19.784375,63.95402298850578,61.48440065681445,8.754155669886554,39.00439391050089,37.44147587524713,5.272773427828456,25.15661470251716,24.789706396479264,4.39042676998075
2025-06-24,1,Delhi,78.66203703703704,36.26898148148148,162.44827586206895,Moderate,32.03333333333333,72.27777777777777,0.0611111111111111,4.383333333333334,1.0,6.0,118.06896551724138,Moderate,84.79310344827587,66.20689655172414,66.20689655172414,50.56884057971014,40.43478260869565,40.19298245614035,32.6822463768116,23.03985507246377,32.64561403508772,72.40229885057475,65.10509031198686,12.29631052757308,43.73220188151538,39.55970623375208,7.127895905650912,29.455905161454357,25.498094534343107,5.257173779932276
2025-06-25,1,Delhi,66.0686274509804,33.79117647058824,118.06896551724138,Moderate,28.94117647058824,83.94117647058823,0.7294117647058824,9.511764705882351,2.0,6.0,41.66666666666667,Good,162.44827586206895,84.79310344827587,66.20689655172414,78.66203703703704,50.56884057971014,40.43478260869565,36.26898148148148,32.6822463768116,23.03985507246377,104.4827586206897,80.0607553366174,38.21696232993528,56.55522007514761,45.727412205029474,16.07778736727285,30.663694310252282,27.17734387296744,6.597122311490886
2025-06-26,1,Delhi,25.256944444444443,32.0125,41.66666666666667,Good,30.9875,74.25,0.0041666666666666,8.354166666666666,3.0,6.0,38.75,Good,118.06896551724138,162.44827586206895,84.79310344827587,66.0686274509804,78.66203703703704,50.56884057971014,33.79117647058824,36.26898148148148,32.6822463768116,121.77011494252876,86.26272577996716,40.63941008246347,65.09983502257586,48.687526685604325,17.81037379196809,34.24746810962711,28.41112477663326,6.953756346517803
2025-06-27,1,Delhi,19.5,30.50520833333333,38.75,Good,31.7875,70.8125,0.03125,6.86875,4.0,6.0,61.13793103448276,Satisfactory,41.66666666666667,118.06896551724138,162.44827586206895,25.256944444444443,66.0686274509804,78.66203703703704,32.0125,33.79117647058824,36.26898148148148,107.3946360153257,85.54844006568146,41.486461795115325,56.66253631082063,48.22423303481067,18.45359021567101,34.02421931735657,30.0321069194904,6.119809622826552
2025-06-28,1,Delhi,37.16666666666666,36.740625,61.13793103448276,Satisfactory,30.8,75.16666666666667,0.5125,5.2375,5.0,6.0,152.20689655172413,Moderate,38.75,41.66666666666667,118.06896551724138,19.5,25.256944444444443,66.0686274509804,30.50520833333333,32.0125,33.79117647058824,66.16187739463605,82.5915435139573,44.299044072206655,36.94185729847495,45.81203065385829,21.163659494678686,32.102961601307186,31.563654538538024,4.153327332914514
2025-06-29,1,Delhi,76.16176470588235,36.01176470588236,152.20689655172413,Moderate,30.69411764705882,72.52941176470588,0.2647058823529412,5.164705882352941,6.0,6.0,86.48275862068965,Satisfactory,61.13793103448276,38.75,41.66666666666667,37.16666666666666,19.5,25.256944444444443,36.740625,30.50520833333333,32.0125,47.18486590038318,81.86740558292283,44.65154352764706,27.307870370370367,45.37969982679062,21.327850123937093,33.08611111111111,32.148656104954064,4.59593237881282
2025-06-30,1,Delhi,52.1625,38.96875,86.48275862068965,Satisfactory,27.78,88.8,0.805,4.105,0.0,6.0,48.333333333333336,Good,152.20689655172413,61.13793103448276,38.75,76.16176470588235,37.16666666666666,19.5,36.01176470588236,36.740625,30.50520833333333,84.03160919540232,94.1531198686371,51.003893731215136,44.276143790849666,50.483554412103004,24.04856591699889,34.41919934640523,34.00178605258528,2.4031328225581503
2025-07-01,1,Delhi,28.625,36.36736111111111,48.333333333333336,Good,29.15833333333333,82.125,0.3708333333333333,4.945833333333334,1.0,7.0,51.0,Satisfactory,86.48275862068965,152.20689655172413,61.13793103448276,52.1625,76.16176470588235,37.16666666666666,38.96875,36.01176470588236,36.740625,99.94252873563221,94.39449917898195,50.95618991014874,55.16364379084967,50.711220043572986,24.05704989902097,37.24037990196078,34.89985799875506,2.9420542010822692
2025-07-02,1,Delhi,30.84469696969697,34.45378787878788,51.0,Satisfactory,29.731818181818184,81.5909090909091,0.0363636363636363,7.286363636363637,2.0,7.0,78.0344827586207,Satisfactory,48.333333333333336,86.48275862068965,152.20689655172413,28.625,52.1625,76.16176470588235,36.36736111111111,38.96875,36.01176470588236,95.67432950191574,78.0923645320197,43.22267356540617,52.31642156862745,43.56307189542484,21.68459780058877,37.11595860566448,34.91391223155929,2.9499090708087583
2025-07-03,1,Delhi,46.83680555555555,20.23923611111111,78.0344827586207,Satisfactory,30.1125,77.91666666666667,0.0333333333333333,7.016666666666667,3.0,7.0,81.41379310344828,Satisfactory,51.0,48.333333333333336,86.48275862068965,30.84469696969697,28.625,52.1625,34.45378787878788,36.36736111111111,38.96875,61.93869731800769,68.51108374384236,40.2128877758962,37.21073232323232,38.53108182667006,19.576096189667354,36.59663299663299,35.008571004159236,2.9183396536580517
2025-07-04,1,Delhi,48.80263157894737,25.19473684210526,81.41379310344828,Satisfactory,30.565000000000005,77.3,0.075,4.085,4.0,7.0,329.3953488372093,Very Poor,78.0344827586207,51.0,48.333333333333336,46.83680555555555,30.84469696969697,28.625,20.23923611111111,34.45378787878788,36.36736111111111,59.12260536398471,73.70648604269294,38.47853303014969,35.43550084175084,41.61391912825736,18.821956924403562,30.35346170033669,33.3266761628894,6.330556293698198
2025-07-05,1,Delhi,158.04861111111111,24.44375,329.3953488372093,Very Poor,31.025,75.79166666666667,0.0541666666666666,4.141666666666667,5.0,7.0,207.8275862068965,Poor,81.41379310344828,78.0344827586207,51.0,48.80263157894737,46.83680555555555,30.84469696969697,25.19473684210526,20.23923611111111,34.45378787878788,70.14942528735635,79.80131362889983,35.26330299204017,42.161378034733296,45.800009353821274,16.15335405128136,26.629253610668076,32.568037378428244,7.007076003259908
2025-07-06,1,Delhi,92.73015873015872,24.157291666666666,207.8275862068965,Poor,30.7,75.41666666666667,0.3833333333333333,3.966666666666667,6.0,7.0,88.17241379310346,Satisfactory,329.3953488372093,81.41379310344828,78.0344827586207,158.04861111111111,48.80263157894737,46.83680555555555,24.44375,25.19473684210526,20.23923611111111,162.94787489975946,118.12380188643219,99.27199340315038,84.56268274853801,63.06885856017048,44.72752136132687,23.292574317738787,30.811340949856817,7.321046899695758
2025-07-07,1,Delhi,52.80882352941177,30.603819444444444,88.17241379310346,Satisfactory,29.291666666666668,82.29166666666667,0.4666666666666666,3.216666666666667,0.0,7.0,296.58620689655174,Poor,207.8275862068965,329.3953488372093,81.41379310344828,92.73015873015872,158.04861111111111,48.80263157894737,24.157291666666666,24.44375,25.19473684210526,206.2122427158514,126.06961469431397,104.54084691052154,99.8604671400724,65.43577199220996,45.95733453403285,24.598592836257307,29.117844801397435,7.288607850980291
2025-07-08,1,Delhi,119.45175438596492,24.48472222222222,296.58620689655174,Poor,31.02083333333333,74.95833333333333,0.0083333333333333,5.2625,1.0,7.0,141.9655172413793,Moderate,88.17241379310346,207.8275862068965,329.3953488372093,52.80882352941177,92.73015873015872,158.04861111111111,30.603819444444444,24.157291666666666,24.44375,208.4651162790698,126.31099400465881,104.43610714304961,101.19586445689386,65.52810392498307,45.92686212272792,26.401620370370367,27.92285472203235,5.970965929837558
2025-07-09,1,Delhi,73.19318181818181,19.475,141.9655172413793,Moderate,28.77083333333333,83.79166666666667,0.7291666666666666,3.1,2.0,7.0,327.09302325581393,Very Poor,296.58620689655174,88.17241379310346,207.8275862068965,119.45175438596492,52.80882352941177,92.73015873015872,24.48472222222222,30.603819444444444,24.157291666666666,197.52873563218395,161.7756902279757,115.14506985052174,88.33024554851181,78.50335455154948,46.58877025747895,26.41527777777777,26.225334880762514,4.730304015286428
2025-07-10,1,Delhi,155.03623188405797,23.69201388888889,327.09302325581393,Very Poor,27.3,85.875,0.0333333333333333,3.670833333333334,3.0,7.0,341.6744186046512,Very Poor,141.9655172413793,296.58620689655174,88.17241379310346,73.19318181818181,119.45175438596492,52.80882352941177,19.475,24.48472222222222,30.603819444444444,175.57471264367823,174.77076411960135,105.26902714428235,81.81791991118617,84.55313810133303,41.880250336692605,24.854513888888885,24.08550804093567,3.6529035572822335
2025-07-11,1,Delhi,173.8181818181818,32.62291666666667,341.6744186046512,Very Poor,28.72083333333333,80.75,0.0166666666666666,2.2291666666666665,4.0,7.0,64.51724137931035,Satisfactory,327.09302325581393,141.9655172413793,296.58620689655174,155.03623188405797,73.19318181818181,119.45175438596492,23.69201388888889,19.475,24.48472222222222,255.21491579791504,210.35055561920035,109.14220082851084,115.89372269606822,100.0101990054048,45.454431128915054,22.550578703703696,24.578762009189642,3.25883823731664
2025-07-12,1,Delhi,39.20238095238096,28.09097222222222,64.51724137931035,Satisfactory,29.20833333333333,80.5,0.1125,2.645833333333333,5.0,7.0,79.72413793103448,Satisfactory,341.6744186046512,327.09302325581393,141.9655172413793,173.8181818181818,155.03623188405797,73.19318181818181,32.62291666666667,23.69201388888889,19.475,270.2443197006148,247.53064497651505,101.99417872211998,134.01586517347388,117.86956332529545,46.52837299845766,25.26331018518518,25.63993055555556,4.475239440782888
2025-07-13,1,Delhi,48.34722222222222,26.11215277777778,79.72413793103448,Satisfactory,28.433333333333334,85.95833333333333,0.775,6.5625,6.0,7.0,46.66666666666667,Good,64.51724137931035,341.6744186046512,327.09302325581393,39.20238095238096,173.8181818181818,155.03623188405797,28.09097222222222,32.62291666666667,23.69201388888889,244.4282277465919,209.69091533967236,114.88112344528679,122.6855982182069,100.89153044547685,50.90142673433089,28.135300925925918,26.1609623015873,4.524802888555284
2025-07-14,1,Delhi,28.416666666666668,14.373263888888888,46.66666666666667,Good,27.65,86.125,0.7666666666666667,14.5,0.0,7.0,51.0,Satisfactory,79.72413793103448,64.51724137931035,341.6744186046512,48.34722222222222,39.20238095238096,173.8181818181818,26.11215277777778,28.09097222222222,32.62291666666667,161.97193263833205,191.39042272883492,124.98637937140826,87.122594997595,94.55111094434305,54.709263937921605,28.942013888888884,26.440228174603174,4.440060199352063
2025-07-15,1,Delhi,30.90625,13.287152777777775,51.0,Satisfactory,28.0625,84.79166666666667,0.5916666666666667,12.341666666666669,1.0,7.0,69.58620689655173,Satisfactory,46.66666666666667,79.72413793103448,64.51724137931035,28.416666666666668,48.34722222222222,39.20238095238096,14.373263888888888,26.11215277777778,28.09097222222222,63.63601532567054,185.4610302822011,131.5132911577276,38.655423280423285,91.06651710680806,58.4593459388278,22.85879629629629,24.12157738095238,5.900959692193346
2025-07-16,1,Delhi,41.62152777777778,22.589583333333334,69.58620689655173,Satisfactory,29.1125,82.16666666666667,0.0208333333333333,7.108333333333333,2.0,7.0,50.0,Good,51.0,46.66666666666667,79.72413793103448,30.90625,28.416666666666668,48.34722222222222,13.287152777777775,14.373263888888888,26.11215277777778,59.13026819923376,150.37728643983655,129.67225012817718,35.8900462962963,78.4171593373845,60.82551965073209,17.92418981481481,22.521924603174604,7.167851967562198
2025-07-17,1,Delhi,29.96180555555556,21.59201388888889,50.0,Good,28.33333333333333,81.95833333333333,0.0625,7.866666666666667,3.0,7.0,51.0,Satisfactory,69.58620689655173,51.0,46.66666666666667,41.62152777777778,30.90625,28.416666666666668,22.589583333333334,13.287152777777775,14.373263888888888,55.750957854406174,140.03738496200404,133.29003492043805,33.64814814814815,73.9069230458982,62.42688521462993,16.749999999999996,22.966865079365082,7.042769755195509
2025-07-18,1,Delhi,31.14583333333333,18.701041666666665,51.0,Satisfactory,28.4125,79.83333333333333,0.1666666666666666,14.291666666666666,4.0,7.0,51.0,Satisfactory,50.0,69.58620689655173,51.0,29.96180555555556,41.62152777777778,30.90625,21.59201388888889,22.589583333333334,13.287152777777775,56.86206896551729,100.45266735403062,107.04023406420608,34.16319444444445,56.039147856112145,52.4358383370522,19.156249999999996,22.666865079365078,7.051453868389832
2025-07-19,1,Delhi,30.95138888888889,18.603125,51.0,Satisfactory,29.1625,75.66666666666667,0.0,8.820833333333333,5.0,7.0,48.333333333333336,Good,51.0,50.0,69.58620689655173,31.14583333333333,29.96180555555556,41.62152777777778,18.701041666666665,21.59201388888889,22.589583333333334,56.86206896551729,58.927750410509034,12.470446349722154,34.24305555555556,35.65738378684808,7.49405290349678,20.960879629629627,20.678025793650793,5.586508005141658
2025-07-20,1,Delhi,28.666666666666668,17.974999999999998,48.333333333333336,Good,30.3375,71.79166666666667,0.0,5.854166666666667,6.0,7.0,94.93103448275862,Satisfactory,51.0,51.0,50.0,30.95138888888889,31.14583333333333,29.96180555555556,18.603125,18.701041666666665,21.59201388888889,50.66666666666671,56.996715927750415,12.507176280263996,30.686342592592595,34.47867063492064,7.4924273296080415,19.63206018518518,19.322619047619046,4.541438402264462
2025-07-21,1,Delhi,56.78125,25.533680555555552,94.93103448275862,Satisfactory,28.683333333333334,80.16666666666667,0.0166666666666666,3.675,0.0,7.0,71.27586206896552,Satisfactory,48.333333333333336,51.0,51.0,28.666666666666668,30.95138888888889,31.14583333333333,17.974999999999998,18.603125,18.701041666666665,50.11111111111115,52.512315270935964,7.706342553806158,30.254629629629633,31.6671626984127,4.526393571685365,18.426388888888884,18.160168650793647,3.4158271062403864
2025-07-22,1,Delhi,42.614583333333336,24.45471014492754,71.27586206896552,Satisfactory,30.479166666666668,72.45833333333333,0.0083333333333333,4.1000000000000005,1.0,7.0,62.82758620689656,Satisfactory,94.93103448275862,48.333333333333336,51.0,56.78125,28.666666666666668,30.95138888888889,25.533680555555552,17.974999999999998,18.603125,64.75478927203069,59.407224958949094,17.266171009932805,38.799768518518526,35.71924603174603,10.23185738883039,20.703935185185177,19.754513888888887,3.9209208502729362
2025-07-23,1,Delhi,37.6875,23.122222222222224,62.82758620689656,Satisfactory,29.629166666666663,79.125,0.1083333333333333,6.325,2.0,7.0,88.17241379310346,Satisfactory,71.27586206896552,94.93103448275862,48.333333333333336,42.614583333333336,56.78125,28.666666666666668,24.45471014492754,25.533680555555552,17.974999999999998,71.51340996168587,62.30377668308703,17.32135964722023,42.68750000000001,37.391865079365076,10.270853568099321,22.65446356682769,21.34987922705314,3.0191188850636297
2025-07-24,1,Delhi,53.119565217391305,25.36304347826087,88.17241379310346,Satisfactory,30.65652173913044,71.69565217391305,0.0043478260869565,6.956521739130435,3.0,7.0,71.27586206896552,Satisfactory,62.82758620689656,71.27586206896552,94.93103448275862,37.6875,42.614583333333336,56.78125,23.122222222222224,24.45471014492754,25.533680555555552,76.34482758620693,61.33825944170771,17.033750917759047,45.69444444444445,36.82986111111111,10.10716752561974,24.370204307568432,21.42597049689441,3.0619785897591805
2025-07-25,1,Delhi,43.286231884057976,28.38263888888889,71.27586206896552,Satisfactory,32.03333333333333,68.25,0.0208333333333333,6.6125,4.0,7.0,67.89655172413794,Satisfactory,88.17241379310346,62.82758620689656,71.27586206896552,53.119565217391305,37.6875,42.614583333333336,25.36304347826087,23.122222222222224,24.45471014492754,74.09195402298856,66.79146141215108,18.8159765998803,44.47388285024155,40.13811249137336,11.213842596961513,24.313325281803543,21.964689009661836,3.408218672206308
2025-07-26,1,Delhi,40.97222222222222,38.97152777777778,67.89655172413794,Satisfactory,31.325,73.08333333333333,0.0958333333333333,4.233333333333333,5.0,7.0,46.66666666666667,Good,71.27586206896552,88.17241379310346,62.82758620689656,43.286231884057976,53.119565217391305,37.6875,28.38263888888889,25.36304347826087,23.122222222222224,74.09195402298856,69.688013136289,17.49407216234778,44.697765700483096,41.872455141476884,10.507898259525797,25.622634863123988,23.347774327122153,3.8044697136102545
2025-07-27,1,Delhi,28.319444444444443,36.5625,46.66666666666667,Good,32.07083333333333,67.29166666666667,0.0375,6.908333333333334,6.0,7.0,91.55172413793105,Satisfactory,67.89655172413794,71.27586206896552,88.17241379310346,40.97222222222222,43.286231884057976,53.119565217391305,38.97152777777778,28.38263888888889,25.36304347826087,75.78160919540234,72.10180623973729,15.542619276867502,45.7926731078905,43.304002760524504,9.395841155457735,30.90573671497584,26.25754615251898,6.444202936607293
2025-07-28,1,Delhi,55.49305555555555,37.324305555555554,91.55172413793105,Satisfactory,31.8875,68.95833333333333,0.0666666666666666,4.841666666666667,0.0,7.0,54.37931034482759,Satisfactory,46.66666666666667,67.89655172413794,71.27586206896552,28.319444444444443,40.97222222222222,43.286231884057976,36.5625,38.97152777777778,28.38263888888889,61.94636015325674,71.86371100164205,15.974183752314328,37.52596618357489,43.25439958592132,9.486474079713844,34.638888888888886,28.912903295376122,6.2902247053969855
2025-07-29,1,Delhi,32.70138888888889,37.63611111111111,54.37931034482759,Satisfactory,28.916666666666668,82.95833333333333,0.1583333333333333,5.304166666666666,1.0,7.0,61.13793103448276,Satisfactory,91.55172413793105,46.66666666666667,67.89655172413794,55.49305555555555,28.319444444444443,40.97222222222222,37.324305555555554,36.5625,38.97152777777778,68.70498084291192,71.3809523809524,15.192829102285309,41.59490740740741,43.07037180814355,9.188136345742643,37.61944444444444,30.597278295376125,6.793063480973032
2025-07-30,1,Delhi,37.21875,34.98715277777777,61.13793103448276,Satisfactory,27.72083333333333,89.125,1.2875,7.795833333333333,2.0,7.0,57.75862068965517,Satisfactory,54.37931034482759,91.55172413793105,46.66666666666667,32.70138888888889,55.49305555555555,28.319444444444443,37.63611111111111,37.324305555555554,36.5625,64.19923371647513,68.96715927750411,16.49844611225837,38.83796296296297,41.654201173222916,9.998336410150815,37.17430555555555,32.48033557625949,6.631577987207936
2025-07-31,1,Delhi,35.2463768115942,33.80471014492753,57.75862068965517,Satisfactory,27.78695652173913,87.04347826086956,0.6521739130434783,5.27391304347826,3.0,7.0,52.689655172413794,Satisfactory,61.13793103448276,54.37931034482759,91.55172413793105,37.21875,32.70138888888889,55.49305555555555,34.98715277777777,37.63611111111111,37.324305555555554,69.02298850574716,68.72577996715928,16.61518860514036,41.80439814814815,41.58723688750863,10.030848296021237,36.649189814814804,34.17532565562457,5.203618403785986
2025-08-01,1,Delhi,31.80701754385965,32.20043859649123,52.689655172413794,Satisfactory,28.36842105263158,82.52631578947368,0.1999999999999999,5.063157894736842,4.0,8.0,62.82758620689656,Satisfactory,57.75862068965517,61.13793103448276,54.37931034482759,35.2463768115942,37.21875,32.70138888888889,33.80471014492753,34.98715277777777,37.63611111111111,57.75862068965521,64.38095238095238,14.527854180200771,35.05550523349437,39.03392425810904,8.806092373433877,35.47599134460547,35.38127803657695,3.530029688749947
2025-08-02,1,Delhi,38.01041666666666,33.6375,62.82758620689656,Satisfactory,29.370833333333334,77.875,0.0375,7.191666666666666,5.0,8.0,79.72413793103448,Satisfactory,52.689655172413794,57.75862068965517,61.13793103448276,31.80701754385965,35.2463768115942,37.21875,32.20043859649123,33.80471014492753,34.98715277777777,57.19540229885061,61.725779967159276,14.75436855912409,34.757381451817956,37.39403649522357,8.949907026737106,33.664100506398846,35.92667799480586,2.374209322551298
2025-08-03,1,Delhi,48.18402777777778,34.47083333333333,79.72413793103448,Satisfactory,29.570833333333336,78.66666666666667,0.0333333333333333,7.120833333333334,6.0,8.0,56.06896551724138,Satisfactory,62.82758620689656,52.689655172413794,57.75862068965517,38.01041666666666,31.80701754385965,35.2463768115942,33.6375,32.20043859649123,33.80471014492753,57.75862068965521,61.0016420361248,14.523620256797068,35.02127034070684,36.970921415858484,8.821643285593842,33.21421624713958,35.164674026551886,2.070663935445671
2025-08-04,1,Delhi,33.78819444444444,33.45138888888889,56.06896551724138,Satisfactory,28.7375,80.83333333333333,0.0,8.170833333333333,0.0,8.0,54.37931034482759,Satisfactory,79.72413793103448,62.82758620689656,52.689655172413794,48.18402777777778,38.01041666666666,31.80701754385965,34.47083333333333,33.6375,32.20043859649123,65.08045977011498,65.72413793103449,14.459943715495198,39.333820662768034,39.808719034906105,8.769667180682902,33.43625730994152,34.86586450274236,1.9844555229842789
2025-08-05,1,Delhi,32.95289855072463,36.37608695652174,54.37931034482759,Satisfactory,27.756521739130434,85.04347826086956,0.3478260869565217,6.730434782608696,1.0,8.0,69.58620689655173,Satisfactory,56.06896551724138,79.72413793103448,62.82758620689656,33.78819444444444,48.18402777777778,38.01041666666666,33.45138888888889,34.47083333333333,33.6375,66.20689655172418,60.6551724137931,9.136347726638059,39.99421296296297,36.70802459046166,5.543623014274952,33.85324074074074,34.31259069321855,1.7050126016206109
2025-08-06,1,Delhi,41.80555555555556,36.55625,69.58620689655173,Satisfactory,28.7875,78.75,0.0208333333333333,5.375,2.0,8.0,52.689655172413794,Satisfactory,54.37931034482759,56.06896551724138,79.72413793103448,32.95289855072463,33.78819444444444,48.18402777777778,36.37608695652174,33.45138888888889,34.47083333333333,63.390804597701184,60.6551724137931,9.136347726638059,38.308373590982285,36.74395454215248,5.514062959766109,34.76610305958132,34.13258724256293,1.3183214071242482
2025-08-07,1,Delhi,31.628472222222225,35.112500000000004,52.689655172413794,Satisfactory,30.058333333333334,70.25,0.0,9.120833333333334,3.0,8.0,51.0,Satisfactory,69.58620689655173,54.37931034482759,56.06896551724138,41.80555555555556,32.95289855072463,33.78819444444444,36.55625,36.37608695652174,33.45138888888889,60.011494252873604,61.862068965517246,9.748258175461334,36.18221618357489,37.39921247866041,5.84263318624662,35.46124194847021,34.35674398859468,1.592689715290988
2025-08-08,1,Delhi,31.044871794871792,31.07179487179487,51.0,Satisfactory,31.392307692307693,64.3076923076923,0.0,8.023076923076923,4.0,8.0,69.58620689655173,Satisfactory,52.689655172413794,69.58620689655173,54.37931034482759,31.628472222222225,41.80555555555556,32.95289855072463,35.112500000000004,36.55625,36.37608695652174,58.88505747126441,61.137931034482754,10.277771171885083,35.462308776167475,36.88236896589299,6.213091373264963,36.01494565217391,34.543571110747884,1.5938453680945792
2025-08-09,1,Delhi,41.738888888888894,35.75555555555556,69.58620689655173,Satisfactory,27.2,86.53333333333333,0.0333333333333333,3.1933333333333334,5.0,8.0,69.58620689655173,Satisfactory,51.0,52.689655172413794,69.58620689655173,31.044871794871792,31.628472222222225,41.80555555555556,31.07179487179487,35.112500000000004,36.55625,57.75862068965521,60.89655172413793,10.526093881301733,34.82629985754986,36.77349100175187,6.322568396390992,34.24684829059829,34.38233629293412,1.8983783409813728
2025-08-10,1,Delhi,41.738888888888894,31.69722222222222,69.58620689655173,Satisfactory,29.006666666666668,80.4,0.08,4.073333333333333,6.0,8.0,67.89655172413794,Satisfactory,69.58620689655173,51.0,52.689655172413794,41.738888888888894,31.044871794871792,31.628472222222225,35.75555555555556,31.07179487179487,35.112500000000004,57.75862068965521,61.862068965517246,11.030620732200545,34.804077635327644,37.30612989064076,6.595307530580812,33.97995014245014,34.68491565801349,1.928432527892503
2025-08-11,1,Delhi,40.79385964912281,35.87719298245614,67.89655172413794,Satisfactory,29.55263157894737,79.36842105263158,0.0894736842105263,7.689473684210526,0.0,8.0,79.72413793103448,Satisfactory,69.58620689655173,69.58620689655173,51.0,41.738888888888894,41.738888888888894,31.044871794871792,31.69722222222222,35.75555555555556,31.07179487179487,63.39080459770119,60.41379310344827,8.717547826712396,38.174216524216526,36.38539576365663,5.105143143651513,32.84152421652421,34.288685499283325,2.239590905408152
2025-08-12,1,Delhi,47.982638888888886,32.643750000000004,79.72413793103448,Satisfactory,29.3125,78.875,0.15,5.9,1.0,8.0,69.58620689655173,Satisfactory,67.89655172413794,69.58620689655173,69.58620689655173,40.79385964912281,41.738888888888894,41.738888888888894,35.87719298245614,31.69722222222222,35.75555555555556,69.02298850574716,62.10344827586207,8.879784609588352,41.4238791423002,37.38620507861068,5.196997261972269,34.44332358674463,34.635228941221506,2.2758239698984903
2025-08-13,1,Delhi,41.91319444444444,26.393840579710144,69.58620689655173,Satisfactory,30.4375,73.625,0.0,5.9625,2.0,8.0,57.75862068965517,Satisfactory,79.72413793103448,67.89655172413794,69.58620689655173,47.982638888888886,40.79385964912281,41.738888888888894,32.643750000000004,35.87719298245614,31.69722222222222,72.40229885057475,65.72413793103449,10.264535144279003,43.505129142300206,39.533310841205584,6.088410354664536,33.40605506822612,34.102037947432684,2.2368728821235355
2025-08-14,1,Delhi,35.0625,26.930902777777774,57.75862068965517,Satisfactory,27.258333333333336,90.25,0.3416666666666667,4.679166666666666,3.0,8.0,118.06896551724138,Moderate,69.58620689655173,79.72413793103448,67.89655172413794,41.91319444444444,47.982638888888886,40.79385964912281,26.393840579710144,32.643750000000004,35.87719298245614,72.40229885057475,65.72413793103449,10.264535144279003,43.56323099415204,39.54868782533256,6.095237739994313,31.638261187388753,32.650265173105566,3.3828302324023682
2025-08-15,1,Delhi,65.54861111111111,25.750694444444445,118.06896551724138,Moderate,28.691666666666663,85.91666666666667,0.1916666666666666,3.829166666666667,4.0,8.0,88.17241379310346,Satisfactory,57.75862068965517,69.58620689655173,79.72413793103448,35.0625,41.91319444444444,47.982638888888886,26.930902777777774,26.393840579710144,32.643750000000004,69.02298850574716,66.44827586206897,9.327782733181397,41.65277777777778,40.039263222157956,5.456234279960909,28.65616445249597,31.481465569930958,3.7803681603600006
2025-08-16,1,Delhi,52.59722222222222,26.797569444444445,88.17241379310346,Satisfactory,28.804166666666664,85.875,0.1833333333333333,5.025,5.0,8.0,67.89655172413794,Satisfactory,118.06896551724138,57.75862068965517,69.58620689655173,65.54861111111111,35.0625,41.91319444444444,25.750694444444445,26.930902777777774,26.393840579710144,81.80459770114946,76.0295566502463,19.602231874952288,47.508101851851855,44.96836883876358,9.818164563890035,26.358479267310784,30.721308366023756,4.366083969195889
2025-08-17,1,Delhi,41.39930555555556,29.305902777777774,67.89655172413794,Satisfactory,29.066666666666663,86.375,0.1375,6.5375000000000005,6.0,8.0,66.20689655172414,Satisfactory,88.17241379310346,118.06896551724138,57.75862068965517,52.59722222222222,65.54861111111111,35.0625,26.797569444444445,25.750694444444445,26.930902777777774,88.00000000000004,78.6847290640394,19.841318868256526,51.06944444444445,46.51955931495405,10.077240465255148,26.493055555555554,29.441596064436453,3.936253986808303
2025-08-18,1,Delhi,40.10507246376812,29.562318840579707,66.20689655172414,Satisfactory,29.108695652173918,82.30434782608695,0.391304347826087,8.095652173913043,0.0,8.0,52.689655172413794,Satisfactory,67.89655172413794,88.17241379310346,118.06896551724138,41.39930555555556,52.59722222222222,65.54861111111111,29.305902777777774,26.797569444444445,25.750694444444445,91.37931034482763,78.44334975369459,19.980246175809313,53.18171296296296,46.47104741019215,10.104869843884758,27.284722222222218,29.09997900094439,3.809597976818105
2025-08-19,1,Delhi,32.114583333333336,28.27847222222222,52.689655172413794,Satisfactory,29.229166666666668,81.45833333333333,0.225,7.520833333333333,1.0,8.0,35.0,Good,66.20689655172414,67.89655172413794,88.17241379310346,40.10507246376812,41.39930555555556,52.59722222222222,29.562318840579707,29.305902777777774,26.797569444444445,74.09195402298855,78.20197044334975,20.13847649800075,44.70053341384863,46.372649240855765,10.17249369719696,28.555263687600632,28.19785412353347,2.4380505937076395
2025-08-20,1,Delhi,20.80208333333333,19.46840277777778,35.0,Good,29.21666666666667,80.125,0.7541666666666665,9.491666666666667,2.0,8.0,62.82758620689656,Satisfactory,52.689655172413794,66.20689655172414,67.89655172413794,32.114583333333336,40.10507246376812,41.39930555555556,28.27847222222222,29.562318840579707,29.305902777777774,62.264367816092,74.33990147783253,22.27667544662416,37.872987117552334,44.10578416149069,11.442664344877862,29.048897946859896,27.574243012422357,1.4822740183590688
2025-08-21,1,Delhi,37.677083333333336,24.44826388888889,62.82758620689656,Satisfactory,29.804166666666664,77.5,0.1458333333333333,5.970833333333334,3.0,8.0,94.93103448275862,Satisfactory,35.0,52.689655172413794,66.20689655172414,20.80208333333333,32.114583333333336,40.10507246376812,19.46840277777778,28.27847222222222,29.562318840579707,51.29885057471268,69.39901477832512,26.86895767795141,31.007246376811594,41.08991114561767,14.492492287060795,25.76973128019323,26.58489475500345,3.431288479522878
2025-08-22,1,Delhi,57.15530303030303,31.61590909090909,94.93103448275862,Satisfactory,30.14090909090909,76.22727272727273,0.3136363636363636,4.036363636363636,4.0,8.0,59.44827586206897,Satisfactory,62.82758620689656,35.0,52.689655172413794,37.677083333333336,20.80208333333333,32.114583333333336,24.44826388888889,19.46840277777778,28.27847222222222,50.17241379310349,70.12315270935962,26.569592861405084,30.197916666666668,41.463423050379575,14.344192359628185,24.06504629629629,26.23023205659075,3.5168028633246315
2025-08-23,1,Delhi,35.80902777777778,27.179513888888888,59.44827586206897,Satisfactory,28.10833333333333,84.83333333333333,0.3083333333333333,5.604166666666667,5.0,8.0,40.0,Good,94.93103448275862,62.82758620689656,35.0,57.15530303030303,37.677083333333336,20.80208333333333,31.61590909090909,24.44826388888889,19.46840277777778,64.25287356321843,66.81773399014779,20.313415398180695,38.54482323232323,40.26437903883556,12.183390293703644,25.177525252525246,27.068119863228556,4.0428657995260675
2025-08-24,1,Delhi,23.760416666666668,21.0625,40.0,Good,27.383333333333336,86.66666666666667,0.8250000000000001,9.479166666666666,6.0,8.0,48.333333333333336,Good,59.44827586206897,94.93103448275862,62.82758620689656,35.80902777777778,57.15530303030303,37.677083333333336,27.179513888888888,31.61590909090909,24.44826388888889,72.40229885057475,62.714285714285715,18.056520614357442,43.54713804713805,37.86606554677207,10.939970863170954,27.747895622895616,27.12268335529205,4.041182873760493
2025-08-25,1,Delhi,29.30555555555556,16.986458333333335,48.333333333333336,Good,26.683333333333334,89.625,0.5833333333333334,12.608333333333334,0.0,8.0,46.66666666666667,Good,40.0,59.44827586206897,94.93103448275862,23.760416666666668,35.80902777777778,57.15530303030303,21.0625,27.179513888888888,31.61590909090909,64.7931034482759,58.72906403940887,19.723659954938537,38.908249158249156,35.3462242769308,11.973137434238346,26.619307659932655,25.94505438703808,4.476580902504229
2025-08-26,1,Delhi,28.38768115942029,20.55144927536232,46.66666666666667,Good,27.339130434782607,88.6086956521739,0.1913043478260869,9.847826086956522,1.0,8.0,84.79310344827587,Satisfactory,48.333333333333336,40.0,59.44827586206897,29.30555555555556,23.760416666666668,35.80902777777778,16.986458333333335,21.0625,27.179513888888888,49.26053639846748,56.17569786535304,19.751168987377245,29.625,33.80343614718615,11.953505735125194,21.74282407407407,24.148502886002888,5.241140453430085
2025-08-27,1,Delhi,51.19097222222222,26.027430555555554,84.79310344827587,Satisfactory,28.5625,85.625,0.2125,5.129166666666666,2.0,8.0,182.9310344827586,Moderate,46.66666666666667,48.333333333333336,40.0,28.38768115942029,29.30555555555556,23.760416666666668,20.55144927536232,16.986458333333335,21.0625,45.00000000000005,55.31527093596059,20.05716371350657,27.151217793880836,33.271021550912856,12.123061475980418,19.533469202898544,23.0446424650229,5.036035356510693
2025-08-28,1,Delhi,85.41666666666667,22.01944444444445,182.9310344827586,Moderate,28.5375,86.16666666666667,0.9541666666666666,5.541666666666667,3.0,8.0,107.82758620689656,Moderate,84.79310344827587,46.66666666666667,48.333333333333336,51.19097222222222,28.38768115942029,29.30555555555556,26.027430555555554,20.55144927536232,16.986458333333335,59.93103448275867,62.42857142857143,20.47672649016356,36.29473631239936,37.61229139218269,12.35270255347468,21.188446054750397,23.981646433276868,4.867093795906101
2025-08-29,1,Delhi,62.72916666666666,21.118055555555557,107.82758620689656,Moderate,28.05,87.16666666666667,0.0625,8.841666666666667,4.0,8.0,72.9655172413793,Satisfactory,182.9310344827586,84.79310344827587,46.66666666666667,85.41666666666667,51.19097222222222,28.38768115942029,22.01944444444445,26.027430555555554,20.55144927536232,104.79693486590043,79.58620689655173,49.9596023000676,54.99844001610305,44.43223186837317,21.890669789297277,22.866108091787435,23.634672226927666,4.91462747324895
2025-08-30,1,Delhi,43.864583333333336,22.23472222222222,72.9655172413793,Satisfactory,28.370833333333334,84.04166666666667,0.1666666666666666,8.079166666666667,5.0,8.0,50.0,Good,107.82758620689656,182.9310344827586,84.79310344827587,62.72916666666666,85.41666666666667,51.19097222222222,21.118055555555557,22.01944444444445,26.027430555555554,125.18390804597705,81.42857142857143,50.849652234313865,66.44560185185185,45.2284981021394,22.52284598195254,23.054976851851848,22.1349788647343,3.459552850015043
2025-08-31,1,Delhi,30.253472222222225,16.113194444444446,50.0,Good,26.329166666666666,91.375,1.1166666666666667,8.429166666666667,6.0,8.0,28.333333333333336,Good,72.9655172413793,107.82758620689656,182.9310344827586,43.864583333333336,62.72916666666666,85.41666666666667,22.23472222222222,21.118055555555557,22.01944444444445,121.24137931034488,83.35960591133005,50.127355186353896,64.00347222222221,46.37929175293306,22.164292254580054,21.79074074074074,21.42858005521049,2.6733454606867544
2025-09-01,1,Delhi,16.95486111111111,15.37152777777778,28.333333333333336,Good,25.354166666666668,92.625,1.1541666666666666,11.845833333333331,0.0,9.0,41.66666666666667,Good,50.0,72.9655172413793,107.82758620689656,30.253472222222225,43.864583333333336,62.72916666666666,16.113194444444446,22.23472222222222,21.118055555555557,76.93103448275866,84.78817733990148,48.81091509652489,45.61574074074074,47.30687111801242,21.17365040129638,19.821990740740734,20.721536404416838,3.3541166305618364
2025-09-02,1,Delhi,25.32986111111111,15.74861111111111,41.66666666666667,Good,25.15,92.5,0.4833333333333333,11.829166666666666,1.0,9.0,41.66666666666667,Good,28.333333333333336,50.0,72.9655172413793,16.95486111111111,30.253472222222225,43.864583333333336,15.37152777777778,16.113194444444446,22.23472222222222,50.43295019157093,81.93103448275862,51.79459994130797,30.35763888888889,45.5424861973775,23.32861832721292,17.906481481481478,20.490832039337477,3.6923299511289964
2025-09-03,1,Delhi,24.74652777777777,26.67013888888889,41.66666666666667,Good,26.320833333333336,88.79166666666667,0.7625000000000001,7.116666666666667,2.0,9.0,61.13793103448276,Satisfactory,41.66666666666667,28.333333333333336,50.0,25.32986111111111,16.95486111111111,30.253472222222225,15.74861111111111,15.37152777777778,16.113194444444446,40.00000000000005,81.21674876847291,52.39299531437119,24.17939814814815,45.10565476190476,23.728582354786003,15.74444444444444,19.8047123015873,4.102630571335043
2025-09-04,1,Delhi,36.57638888888889,27.304166666666664,61.13793103448276,Satisfactory,27.33333333333333,86.33333333333333,0.6166666666666667,5.325,3.0,9.0,48.333333333333336,Good,41.66666666666667,41.66666666666667,28.333333333333336,24.74652777777777,25.32986111111111,16.95486111111111,26.67013888888889,15.74861111111111,15.37152777777778,37.22222222222228,75.05582922824303,54.399564830468236,22.343749999999996,41.32787698412699,24.684122602063553,19.263425925925922,19.89652777777778,4.268924821989699
2025-09-05,1,Delhi,29.094202898550723,21.06123188405797,48.333333333333336,Good,27.382608695652173,85.43478260869566,0.5608695652173913,11.373913043478264,4.0,9.0,66.20689655172414,Satisfactory,61.13793103448276,41.66666666666667,41.66666666666667,36.57638888888889,24.74652777777777,25.32986111111111,27.304166666666664,26.67013888888889,15.74861111111111,48.157088122605415,57.656814449917896,26.436855262742913,28.884259259259256,34.35069444444444,15.241517760740654,23.240972222222215,20.651488095238097,5.0944233887455885
2025-09-06,1,Delhi,39.9375,19.765625,66.20689655172414,Satisfactory,27.804166666666664,84.95833333333333,0.2375,9.4875,5.0,9.0,54.37931034482759,Satisfactory,48.333333333333336,61.13793103448276,41.66666666666667,29.094202898550723,36.57638888888889,24.74652777777777,21.06123188405797,27.304166666666664,26.67013888888889,50.37931034482764,49.1576354679803,14.477641123301778,30.139039855072465,29.545699620427882,8.703451162217824,25.011845813204502,20.643370427881298,5.093601238884179
2025-09-07,1,Delhi,32.572916666666664,22.43506944444444,54.37931034482759,Satisfactory,28.070833333333336,85.625,0.0458333333333333,6.604166666666667,6.0,9.0,54.37931034482759,Satisfactory,66.20689655172414,48.333333333333336,61.13793103448276,39.9375,29.094202898550723,36.57638888888889,19.765625,21.06123188405797,27.304166666666664,58.559386973180125,48.19211822660099,12.747215768763173,35.20269726247987,28.984687715665977,7.694763551087176,22.710341183574872,20.290642253278122,5.05034252685361
2025-09-08,1,Delhi,33.023148148148145,20.556944444444447,54.37931034482759,Satisfactory,28.166666666666668,81.83333333333333,0.0333333333333333,4.65,0.0,9.0,35.0,Good,54.37931034482759,66.20689655172414,48.333333333333336,32.572916666666664,39.9375,29.094202898550723,22.43506944444444,19.765625,21.06123188405797,56.30651340996173,48.817733990147794,12.956479738908603,33.86820652173913,29.31603692201518,7.807617471074037,21.087308776167465,21.19376725327812,4.734163288526397
2025-09-09,1,Delhi,20.81060606060606,18.70378787878788,35.0,Good,29.268181818181816,74.5,0.0181818181818181,8.072727272727272,1.0,9.0,50.0,Good,54.37931034482759,54.37931034482759,66.20689655172414,33.023148148148145,32.572916666666664,39.9375,20.556944444444447,22.43506944444444,19.765625,58.321839080459824,52.53858784893267,9.32406733994953,35.17785493827161,31.61150649873476,5.624545694528738,20.91921296296296,21.934541062801934,4.023672911164382
2025-09-10,1,Delhi,29.64583333333333,16.897916666666667,50.0,Good,29.016666666666666,72.08333333333333,0.0,11.125,2.0,9.0,52.689655172413794,Satisfactory,35.0,54.37931034482759,54.37931034482759,20.81060606060606,33.023148148148145,32.572916666666664,18.70378787878788,20.556944444444447,22.43506944444444,47.91954022988511,51.58620689655173,10.837308843001576,28.802223625140297,30.96589863437689,6.634453010810565,20.565267255892252,22.356709172470044,3.3680884181603337
2025-09-11,1,Delhi,31.625,24.03506944444445,52.689655172413794,Satisfactory,28.879166666666663,69.375,0.0,9.570833333333333,3.0,9.0,59.44827586206897,Satisfactory,50.0,35.0,54.37931034482759,29.64583333333333,20.81060606060606,33.023148148148145,16.897916666666667,18.70378787878788,20.556944444444447,46.45977011494258,52.77668308702791,9.990676626880052,27.826529180695847,31.66579942802769,6.106400620337572,18.719549663299663,20.96067742643829,3.3069251782359323
2025-09-12,1,Delhi,35.96527777777778,25.22048611111111,59.44827586206897,Satisfactory,29.78333333333333,66.625,0.0083333333333333,6.995833333333334,4.0,9.0,67.89655172413794,Satisfactory,52.689655172413794,50.0,35.0,31.625,29.64583333333333,20.81060606060606,24.03506944444445,16.897916666666667,18.70378787878788,45.896551724137986,51.56978653530377,9.298589753205277,27.360479797979803,30.958458158186414,5.717141261918925,19.87892466329966,20.493663537549406,2.3558381926356633
2025-09-13,1,Delhi,40.61111111111111,24.381597222222226,67.89655172413794,Satisfactory,31.04583333333333,58.79166666666666,0.0375,6.154166666666666,5.0,9.0,84.79310344827587,Satisfactory,59.44827586206897,52.689655172413794,50.0,35.96527777777778,31.625,29.64583333333333,25.22048611111111,24.03506944444445,16.897916666666667,54.0459770114943,53.1576354679803,9.598001037567467,32.41203703703704,31.940040283790278,5.929621910337497,22.051157407407402,21.08784271284271,2.9678616630719716
2025-09-14,1,Delhi,50.86111111111112,29.369097222222223,84.79310344827587,Satisfactory,32.075,56.41666666666666,0.0083333333333333,6.604166666666667,6.0,9.0,69.58620689655173,Satisfactory,67.89655172413794,59.44827586206897,52.689655172413794,40.61111111111111,35.96527777777778,31.625,24.381597222222226,25.22048611111111,24.03506944444445,60.01149425287361,53.399014778325125,9.993950947756307,36.067129629629626,32.03627044252044,6.08448548459111,24.54571759259259,21.747267316017318,3.1333126916995626
2025-09-15,1,Delhi,41.84057971014493,27.14927536231884,69.58620689655173,Satisfactory,32.43913043478261,52.69565217391305,0.0,7.78695652173913,0.0,9.0,71.27586206896552,Satisfactory,84.79310344827587,67.89655172413794,59.44827586206897,50.86111111111112,40.61111111111111,35.96527777777778,29.369097222222223,24.381597222222226,25.22048611111111,70.71264367816097,57.74384236453202,15.555060645006188,42.47916666666667,34.64886964886965,9.384674531827777,26.32372685185185,22.737842712842713,4.275052291638743
2025-09-16,1,Delhi,42.57638888888889,25.116319444444443,71.27586206896552,Satisfactory,31.329166666666666,58.29166666666666,0.0041666666666666,6.3500000000000005,1.0,9.0,104.41379310344828,Moderate,69.58620689655173,84.79310344827587,67.89655172413794,41.84057971014493,50.86111111111112,40.61111111111111,27.14927536231884,29.369097222222223,24.381597222222226,74.09195402298856,59.91625615763547,16.060538182126596,44.43760064412239,35.908502729154904,9.71599789984642,26.96665660225442,23.679604272539056,4.437575341970436
2025-09-17,1,Delhi,62.5,31.319791666666664,104.41379310344828,Moderate,30.95,63.625,0.0083333333333333,5.395833333333333,2.0,9.0,124.89655172413794,Moderate,71.27586206896552,69.58620689655173,84.79310344827587,42.57638888888889,41.84057971014493,50.86111111111112,25.116319444444443,27.14927536231884,29.369097222222223,75.21839080459775,65.09852216748769,12.02687947035721,45.09269323671498,39.01790027605245,7.248441688061294,27.211564009661828,24.595680210489995,3.8640109844175328
2025-09-18,1,Delhi,68.22916666666666,35.84708333333333,124.89655172413794,Moderate,29.995,68.9,0.0349999999999999,4.495,3.0,9.0,89.86206896551724,Satisfactory,104.41379310344828,71.27586206896552,69.58620689655173,62.5,42.57638888888889,41.84057971014493,31.319791666666664,25.116319444444443,27.14927536231884,81.75862068965522,72.87192118226601,17.139720000591993,48.97232286634462,43.71135265700483,10.203049734696071,27.86179549114331,26.655948067632853,2.763713417440267
2025-09-19,1,Delhi,54.333333333333336,28.78611111111111,89.86206896551724,Satisfactory,31.15416666666667,60.29166666666666,0.0291666666666666,6.325,4.0,9.0,71.27586206896552,Satisfactory,124.89655172413794,104.41379310344828,71.27586206896552,68.22916666666666,62.5,42.57638888888889,35.84708333333333,31.319791666666664,25.116319444444443,100.19540229885062,83.1871921182266,23.51249536786084,57.76851851851851,48.940519323671495,12.167219200242728,30.761064814814812,28.343378623188407,4.153405844978243
2025-09-20,1,Delhi,42.59027777777778,29.93958333333333,71.27586206896552,Satisfactory,31.195833333333336,54.625,0.0,9.020833333333334,5.0,9.0,71.27586206896552,Satisfactory,89.86206896551724,124.89655172413794,104.41379310344828,54.333333333333336,68.22916666666666,62.5,28.78611111111111,35.84708333333333,31.319791666666664,106.3908045977012,87.53201970443351,21.078819460834126,61.6875,51.56452726017943,10.80721182523547,31.9843287037037,28.85275362318841,3.9185880717867354
2025-09-21,1,Delhi,43.30555555555555,29.219444444444445,71.27586206896552,Satisfactory,31.4,52.41666666666666,0.0,8.9625,6.0,9.0,67.89655172413794,Satisfactory,71.27586206896552,89.86206896551724,124.89655172413794,42.59027777777778,54.333333333333336,68.22916666666666,29.93958333333333,28.78611111111111,35.84708333333333,95.34482758620693,88.01477832512316,20.587129661666683,55.050925925925924,51.84726535541753,10.49424609994512,31.524259259259253,29.646751639061417,3.388926186138638
2025-09-22,1,Delhi,41.37847222222222,27.260416666666668,67.89655172413794,Satisfactory,31.766666666666666,48.75,0.0,10.429166666666667,0.0,9.0,59.44827586206897,Satisfactory,71.27586206896552,71.27586206896552,89.86206896551724,43.30555555555555,42.59027777777778,54.333333333333336,29.219444444444445,29.93958333333333,28.78611111111111,77.47126436781615,86.08374384236454,21.551060745127256,46.743055555555564,50.76790027605245,10.989451840491592,29.31504629629629,29.62537267080745,3.3914408003082532
2025-09-23,1,Delhi,35.708333333333336,34.309375,59.44827586206897,Satisfactory,31.39583333333333,47.54166666666666,0.0,10.675,1.0,9.0,81.41379310344828,Satisfactory,67.89655172413794,71.27586206896552,71.27586206896552,41.37847222222222,43.30555555555555,42.59027777777778,27.260416666666668,29.219444444444445,29.93958333333333,70.14942528735638,85.8423645320197,21.77493474734799,42.42476851851852,50.701884920634924,11.053220579152686,28.80648148148148,29.641249999999996,3.3781508404577862
2025-09-24,1,Delhi,48.507936507936506,30.700347222222224,81.41379310344828,Satisfactory,31.04583333333333,51.875,0.0,9.420833333333333,2.0,9.0,61.13793103448276,Satisfactory,59.44827586206897,67.89655172413794,71.27586206896552,35.708333333333336,41.37847222222222,43.30555555555555,34.309375,27.260416666666668,29.219444444444445,66.20689655172418,84.15270935960591,23.485339682473498,40.13078703703704,49.72073412698412,12.14555073753628,30.2630787037037,30.95454365079365,3.101468243586012
2025-09-25,1,Delhi,37.083333333333336,32.01805555555556,61.13793103448276,Satisfactory,31.166666666666668,50.41666666666666,0.0,8.704166666666667,3.0,9.0,79.72413793103448,Satisfactory,81.41379310344828,59.44827586206897,67.89655172413794,48.507936507936506,35.708333333333336,41.37847222222222,30.700347222222224,34.309375,27.260416666666668,69.58620689655179,80.86699507389163,21.720903139674824,41.864914021164026,47.721867913832206,10.764752630331579,30.75671296296296,30.866051587301587,3.098145288984112
2025-09-26,1,Delhi,47.96296296296296,37.12982456140351,79.72413793103448,Satisfactory,31.36842105263158,54.89473684210526,0.0,8.0,4.0,9.0,148.79310344827587,Moderate,61.13793103448276,81.41379310344828,59.44827586206897,37.083333333333336,48.507936507936506,35.708333333333336,32.01805555555556,30.700347222222224,34.309375,67.33333333333339,71.75862068965517,10.806498976763741,40.433201058201064,43.27246315192743,6.446292111090161,32.342592592592595,30.31904761904762,2.3098689677419686
2025-09-27,1,Delhi,75.17857142857143,42.27460317460317,148.79310344827587,Moderate,32.352380952380955,58.333333333333336,0.0047619047619047,4.133333333333333,5.0,9.0,64.51724137931035,Satisfactory,79.72413793103448,61.13793103448276,81.41379310344828,47.96296296296296,37.083333333333336,48.507936507936506,37.12982456140351,32.01805555555556,30.700347222222224,74.09195402298856,70.3103448275862,8.38366094899392,44.51807760141094,42.36241024187452,4.885158767511357,33.28274244639376,31.511006683375108,3.3192466824255913
2025-09-28,1,Delhi,38.72463768115942,24.48913043478261,64.51724137931035,Satisfactory,32.22608695652174,60.47826086956522,0.0,9.02608695652174,6.0,9.0,93.24137931034484,Satisfactory,148.79310344827587,79.72413793103448,61.13793103448276,75.17857142857143,47.96296296296296,37.083333333333336,42.27460317460317,37.12982456140351,32.01805555555556,96.55172413793109,81.38423645320196,30.881246392335893,53.40828924162258,47.01788076341648,13.343683449991689,37.14082776385408,33.27315237498508,5.127603846574997
2025-09-29,1,Delhi,56.083333333333336,32.70520833333333,93.24137931034484,Satisfactory,31.6125,59.41666666666666,0.3416666666666667,6.3,0.0,9.0,66.20689655172414,Satisfactory,64.51724137931035,148.79310344827587,79.72413793103448,38.72463768115942,75.17857142857143,47.96296296296296,24.48913043478261,42.27460317460317,37.12982456140351,97.67816091954029,80.41871921182266,31.35203076301955,53.955390690897936,46.36346392421704,13.664565005016824,34.63118605692976,32.59739323074768,5.99004546111228
2025-09-30,1,Delhi,40.26736111111111,29.94236111111111,66.20689655172414,Satisfactory,30.73333333333333,62.875,0.0,4.554166666666666,1.0,9.0,131.72413793103448,Moderate,93.24137931034484,64.51724137931035,148.79310344827587,56.083333333333336,38.72463768115942,75.17857142857143,32.70520833333333,24.48913043478261,42.27460317460317,102.18390804597708,84.03940886699509,31.127557930101734,56.662180814354734,48.46415836866147,13.898784837033197,33.15631398090637,33.37522061170006,5.516295027250814
2025-10-01,1,Delhi,69.73333333333333,39.71833333333333,131.72413793103448,Moderate,28.71333333333333,72.93333333333334,0.1866666666666666,4.213333333333334,2.0,10.0,94.93103448275862,Satisfactory,66.20689655172414,93.24137931034484,64.51724137931035,40.26736111111111,56.083333333333336,38.72463768115942,29.94236111111111,32.70520833333333,24.48913043478261,74.65517241379317,85.00492610837439,30.332321277133715,45.02511070853463,49.115448051201156,13.295139994701488,29.045566626409016,32.75136148471593,5.638624882944806
2025-10-02,1,Delhi,56.68055555555556,26.13101851851852,94.93103448275862,Satisfactory,28.244444444444444,75.0,0.05,6.455555555555556,3.0,10.0,89.86206896551724,Satisfactory,131.72413793103448,66.20689655172414,93.24137931034484,69.73333333333333,40.26736111111111,56.083333333333336,39.71833333333333,29.94236111111111,32.70520833333333,97.05747126436786,92.192118226601,34.94876413555746,55.3613425925926,52.14764759768642,15.389027311022042,34.12196759259259,34.03964521487466,6.102989101963612
2025-10-03,1,Delhi,54.045138888888886,28.200694444444448,89.86206896551724,Satisfactory,29.541666666666668,67.875,0.0041666666666666,4.65,4.0,10.0,186.3448275862069,Moderate,94.93103448275862,131.72413793103448,66.20689655172414,56.68055555555556,69.73333333333333,40.26736111111111,26.13101851851852,39.71833333333333,29.94236111111111,97.62068965517248,97.01970443349754,32.16752163185966,55.56041666666667,54.947250772289586,13.902531029929289,31.930570987654317,33.19863992386937,6.7944508981874066
2025-10-04,1,Delhi,85.71180555555556,40.32152777777778,186.3448275862069,Moderate,30.070833333333336,58.29166666666666,0.0,7.7375,5.0,10.0,121.48275862068964,Moderate,89.86206896551724,94.93103448275862,131.72413793103448,54.045138888888886,56.68055555555556,69.73333333333333,28.200694444444448,26.13101851851852,39.71833333333333,105.50574712643684,98.46798029556649,31.479912356029413,60.15300925925927,55.81613304742187,13.579586696087084,31.35001543209876,31.923049907160934,6.771542354750909
2025-10-05,1,Delhi,66.8125,36.3828125,121.48275862068964,Moderate,28.42083333333333,64.29166666666667,0.3291666666666666,6.666666666666667,6.0,10.0,64.51724137931035,Satisfactory,186.3448275862069,89.86206896551724,94.93103448275862,85.71180555555556,54.045138888888886,56.68055555555556,40.32152777777778,28.200694444444448,26.13101851851852,123.71264367816097,103.83251231527093,42.68915579420976,65.47916666666667,57.32088077984817,16.377975065624696,31.551080246913582,31.644039136185874,6.297586331225359
2025-10-06,1,Delhi,39.31944444444444,41.66078431372549,64.51724137931035,Satisfactory,23.84166666666667,86.66666666666667,0.325,5.941666666666666,0.0,10.0,43.75,Good,121.48275862068964,186.3448275862069,89.86206896551724,66.8125,85.71180555555556,54.045138888888886,36.3828125,40.32152777777778,28.200694444444448,132.56321839080465,111.9704433497537,39.23528036039723,68.85648148148148,61.33343253968253,14.381672249537633,34.968344907407406,33.34313657407407,5.612668577119836
2025-10-07,1,Delhi,24.33695652173913,34.77717391304348,43.75,Good,23.125,86.83333333333333,0.1999999999999999,6.2250000000000005,1.0,10.0,79.72413793103448,Satisfactory,64.51724137931035,121.48275862068964,186.3448275862069,39.31944444444444,66.8125,85.71180555555556,41.66078431372549,36.3828125,40.32152777777778,124.11494252873568,107.86699507389162,42.85557893075402,63.947916666666664,58.93859126984127,16.62277683072915,39.45504153050109,34.622504571272955,6.407432214680184
2025-10-08,1,Delhi,47.56884057971014,40.27896825396825,79.72413793103448,Satisfactory,22.817391304347822,83.95652173913044,0.008695652173913,4.560869565217391,2.0,10.0,88.17241379310346,Satisfactory,43.75,64.51724137931035,121.48275862068964,24.33695652173913,39.31944444444444,66.8125,34.77717391304348,41.66078431372549,36.3828125,76.58333333333339,104.6588669950739,47.122154239413724,43.48963365539453,56.662819185645276,20.290821319551146,37.606923575589654,35.31319211440615,6.0705842708402935
2025-10-09,1,Delhi,52.739583333333336,33.176086956521736,88.17241379310346,Satisfactory,23.575,72.70833333333333,0.0166666666666666,7.1000000000000005,3.0,10.0,224.89655172413796,Poor,79.72413793103448,43.75,64.51724137931035,47.56884057971014,24.33695652173913,39.31944444444444,40.27896825396825,34.77717391304348,41.66078431372549,62.663793103448334,97.23029556650246,46.23474636632962,37.075080515297905,53.496463077984814,19.62984975629533,38.90564216024574,35.393282817354,6.141670812312991
2025-10-10,1,Delhi,98.0871212121212,35.44962121212121,224.89655172413796,Poor,23.563636363636363,67.63636363636364,0.0,4.122727272727273,4.0,10.0,141.9655172413793,Moderate,88.17241379310346,79.72413793103448,43.75,52.739583333333336,47.56884057971014,24.33695652173913,33.176086956521736,40.27896825396825,34.77717391304348,70.5488505747127,96.26477832512316,46.36116134085878,41.54846014492754,52.93346704623879,19.579758591668824,36.07740970784449,36.39972116564017,4.802025834693922
2025-10-11,1,Delhi,72.64236111111111,48.86527777777778,141.9655172413793,Moderate,24.2875,66.91666666666667,0.0,6.166666666666667,5.0,10.0,165.86206896551724,Moderate,224.89655172413796,88.17241379310346,79.72413793103448,98.0871212121212,52.739583333333336,47.56884057971014,35.44962121212121,33.176086956521736,40.27896825396825,130.9310344827587,115.55541871921183,66.82861223329968,66.1318483750549,59.22517880670055,26.015120254566764,36.301558807537056,37.43528213245113,3.279447561132974
2025-10-12,1,Delhi,79.61458333333333,46.10590277777778,165.86206896551724,Moderate,25.2875,62.5,0.0,5.925,6.0,10.0,201.0,Poor,141.9655172413793,224.89655172413796,88.17241379310346,72.64236111111111,98.0871212121212,52.739583333333336,48.86527777777778,35.44962121212121,33.176086956521736,151.67816091954032,109.2155172413793,60.82950616154416,74.48968855218855,57.35811531463706,24.203294517586755,39.16366198214024,38.65581784673685,5.422408633860931
2025-10-13,1,Delhi,91.02430555555556,51.47465277777778,201.0,Poor,25.870833333333334,58.75,0.0,3.2625,0.0,10.0,221.48275862068965,Poor,165.86206896551724,141.9655172413793,224.89655172413796,79.61458333333333,72.64236111111111,98.0871212121212,46.10590277777778,48.86527777777778,35.44962121212121,177.57471264367823,115.55541871921183,64.5217780741263,83.44802188552188,59.186984362256105,25.486429192694306,43.47360058922558,40.04483074356225,5.961638571399873
2025-10-14,1,Delhi,97.46875,47.19659090909091,221.48275862068965,Poor,26.875,49.54166666666666,0.0,2.495833333333333,1.0,10.0,241.9655172413793,Poor,201.0,165.86206896551724,141.9655172413793,91.02430555555556,79.61458333333333,72.64236111111111,51.47465277777778,46.10590277777778,48.86527777777778,169.60919540229892,135.05295566502463,67.09838841889503,81.09375,66.57339309241483,26.249860567382218,48.81527777777777,41.446811952712565,7.388250507317442
2025-10-15,1,Delhi,102.8939393939394,49.46174242424242,241.9655172413793,Poor,26.095454545454547,50.72727272727273,0.0,3.8545454545454554,2.0,10.0,305.6046511627907,Very Poor,221.48275862068965,201.0,165.86206896551724,97.46875,91.02430555555556,79.61458333333333,47.19659090909091,51.47465277777778,46.10590277777778,196.1149425287357,160.44334975369458,60.04767371627488,89.36921296296298,77.02079216073783,20.578712917522495,48.25904882154882,43.221014380719346,7.000699965377915
2025-10-16,1,Delhi,127.15972222222224,59.225,305.6046511627907,Very Poor,26.40833333333333,50.875,0.0,3.9625,3.0,10.0,293.17241379310343,Poor,241.9655172413793,221.48275862068965,201.0,102.8939393939394,97.46875,91.02430555555556,49.46174242424242,47.19659090909091,51.47465277777778,221.48275862068968,183.6206896551724,54.77877897001631,97.12899831649833,84.92437770562772,17.821504784074914,49.377662037037034,44.53283926218709,7.214610863787391
2025-10-17,1,Delhi,117.90972222222224,71.86458333333333,293.17241379310343,Poor,26.691666666666663,54.79166666666666,0.0,4.266666666666667,4.0,10.0,334.0,Very Poor,305.6046511627907,241.9655172413793,221.48275862068965,127.15972222222224,102.8939393939394,97.46875,59.225,49.46174242424242,47.19659090909091,256.3509756749533,214.68243785084204,53.26064188799511,109.17413720538723,95.55582611832611,17.61819924017173,51.96111111111111,48.25411255411255,7.097561779893011
2025-10-18,1,Delhi,164.38194444444443,57.78854166666667,334.0,Very Poor,27.53333333333333,52.125,0.0,2.3875,5.0,10.0,386.1860465116279,Very Poor,293.17241379310343,305.6046511627907,241.9655172413793,117.90972222222224,127.15972222222224,102.8939393939394,71.86458333333333,59.225,49.46174242424242,280.2475273990912,224.43613243212278,61.11544014026967,115.98779461279463,98.38762626262628,19.577032625713187,60.183775252525244,53.456250000000004,9.186185218072191
2025-10-19,1,Delhi,232.3125,60.39270833333333,386.1860465116279,Very Poor,28.195833333333336,49.708333333333336,0.0,2.254166666666667,6.0,10.0,406.2870493991989,Severe,334.0,293.17241379310343,305.6046511627907,164.38194444444443,117.90972222222224,127.15972222222224,57.78854166666667,71.86458333333333,59.225,310.92568831863144,251.86962996906863,61.026283050771966,136.4837962962963,111.49328102453103,28.253864885955625,62.959374999999994,54.73100198412698,9.061206413027762
2025-10-20,1,Delhi,291.0952380952381,53.501666666666665,406.2870493991989,Severe,27.04,55.95,0.0,4.25,0.0,10.0,402.0574098798398,Severe,386.1860465116279,334.0,293.17241379310343,232.3125,164.38194444444443,117.90972222222224,60.39270833333333,57.78854166666667,71.86458333333333,337.78615343491055,283.3444839042273,65.89660781524248,171.53472222222226,133.30726911976913,50.066234558140174,63.348611111111104,56.771974206349206,8.377911226742548
2025-10-21,1,Delhi,259.14772727272725,36.5125,402.0574098798398,Severe,27.254166666666663,57.208333333333336,0.0166666666666666,3.620833333333333,1.0,10.0,366.2325581395349,Very Poor,406.2870493991989,386.1860465116279,334.0,291.0952380952381,232.3125,164.38194444444443,53.501666666666665,60.39270833333333,57.78854166666667,375.4910319702756,312.6712052469699,68.76050443067213,229.26322751322746,161.88883091115235,73.51940954783372,57.22763888888889,57.06154761904762,8.197384815661058
2025-10-22,1,Delhi,206.0507246376812,58.86739130434783,366.2325581395349,Very Poor,27.33478260869565,47.95652173913044,0.0,5.730434782608696,2.0,10.0,323.2558139534884,Very Poor,402.0574098798398,406.2870493991989,386.1860465116279,259.14772727272725,291.0952380952381,232.3125,36.5125,53.501666666666665,60.39270833333333,398.1768352635556,338.4675839982771,62.429200567725665,260.8518217893218,184.9858276643991,75.28354043803152,50.135625,55.535248917748916,10.892058115722403
2025-10-23,1,Delhi,149.67708333333334,56.26770833333333,323.2558139534884,Very Poor,26.195833333333336,44.125,0.0,5.695833333333333,3.0,10.0,301.0,Very Poor,366.2325581395349,402.0574098798398,406.2870493991989,206.0507246376812,259.14772727272725,291.0952380952381,58.86739130434783,36.5125,53.501666666666665,391.5256724728579,356.22001841229934,45.892324900239224,252.09789666854886,199.7225112706479,66.06831265694994,49.62718599033817,56.878913043478256,10.594017484380403
2025-10-24,1,Delhi,120.66666666666669,59.446875,301.0,Very Poor,25.89583333333333,45.25,0.0,3.775,4.0,10.0,332.4651162790698,Very Poor,323.2558139534884,366.2325581395349,402.0574098798398,149.67708333333334,206.0507246376812,259.14772727272725,56.26770833333333,58.86739130434783,36.5125,363.84859399095444,358.7416130966848,43.04425475412507,204.95851174791392,202.9392771436638,62.39242081133063,50.54919987922705,56.45644280538302,10.543713120716012
2025-10-25,1,Delhi,161.95138888888889,62.02604166666666,332.4651162790698,Very Poor,25.71666666666667,44.91666666666666,0.0,3.1291666666666664,5.0,10.0,327.86046511627904,Very Poor,301.0,323.2558139534884,366.2325581395349,120.66666666666669,149.67708333333334,206.0507246376812,59.446875,56.26770833333333,58.86739130434783,330.1627906976745,359.85983969767,41.11542325090127,158.79815821256042,203.33312635001303,61.771833457718735,58.19399154589372,54.682484472049694,8.331893654650885
2025-10-26,1,Delhi,156.40625,44.346875,327.86046511627904,Very Poor,22.35,59.125,0.0,3.675,6.0,10.0,320.1860465116279,Very Poor,332.4651162790698,301.0,323.2558139534884,161.95138888888889,120.66666666666669,149.67708333333334,62.02604166666666,59.446875,56.26770833333333,318.9069767441861,359.64057059467996,41.28008233200012,144.09837962962965,202.98590412779077,62.03354755416394,59.246874999999996,55.28784161490683,8.739162348455679
2025-10-27,1,Delhi,146.03472222222223,61.378125,320.1860465116279,Very Poor,24.275,59.66666666666666,0.0,5.933333333333334,0.0,10.0,316.3488372093023,Very Poor,327.86046511627904,332.4651162790698,301.0,156.40625,161.95138888888889,120.66666666666669,44.346875,62.02604166666666,59.446875,320.44186046511635,351.3083446810587,40.913734604759014,146.3414351851852,192.14215412779077,62.683693636787154,55.273263888888884,52.99557971014492,9.265541764079774
2025-10-28,1,Delhi,141.16287878787878,59.23484848484849,316.3488372093023,Very Poor,23.08636363636364,74.0909090909091,0.0,4.25,1.0,10.0,366.2325581395349,Very Poor,320.1860465116279,327.86046511627904,332.4651162790698,146.03472222222223,156.40625,161.95138888888889,61.378125,44.346875,62.02604166666666,326.8372093023256,339.00820141140565,33.98648475383638,154.7974537037037,171.41922328878852,46.37451904522388,55.91701388888888,54.120788043478264,9.800083928777774
2025-10-29,1,Delhi,205.88541666666663,64.49131944444444,366.2325581395349,Very Poor,25.59166666666667,61.083333333333336,0.0,4.483333333333333,2.0,10.0,340.90697674418607,Very Poor,316.3488372093023,320.1860465116279,327.86046511627904,141.16287878787878,146.03472222222223,156.40625,59.23484848484849,61.378125,44.346875,321.46511627906983,326.7641196013289,20.080289662091793,147.86795033670032,154.56424493381016,26.249126982070695,54.986616161616155,57.36683782702804,6.035917522926624
2025-10-30,1,Delhi,173.27898550724638,60.53854166666667,340.90697674418607,Very Poor,24.2125,80.375,0.0041666666666666,3.483333333333333,3.0,10.0,314.8139534883721,Very Poor,366.2325581395349,316.3488372093023,320.1860465116279,205.88541666666663,141.16287878787878,146.03472222222223,64.49131944444444,59.23484848484849,61.378125,334.2558139534884,326.7641196013289,20.080289662091793,164.3610058922559,154.5406295093795,26.19510506387136,61.70143097643098,58.17025613275613,6.615411461405749
2025-10-31,1,Delhi,139.05072463768116,47.60471014492754,314.8139534883721,Very Poor,25.39565217391305,71.73913043478261,0.0043478260869565,5.030434782608696,4.0,10.0,406.1548731642189,Severe,340.90697674418607,366.2325581395349,316.3488372093023,173.27898550724638,205.88541666666663,141.16287878787878,60.53854166666667,64.49131944444444,59.23484848484849,341.16279069767444,329.2857142857143,20.666040254724702,173.44242698726393,157.91232981993852,26.97219104636678,61.42156986531987,58.78037518037518,6.607639319976033
2025-11-01,1,Delhi,290.1666666666667,66.58576388888889,406.1548731642189,Severe,24.758333333333336,57.79166666666666,0.0,6.6000000000000005,5.0,11.0,353.95348837209303,Very Poor,314.8139534883721,340.90697674418607,366.2325581395349,139.05072463768116,173.27898550724638,205.88541666666663,47.60471014492754,60.53854166666667,64.49131944444444,340.65116279069775,331.2591362126246,18.002781211387706,172.7383756038647,160.53862381579773,23.399548871384308,57.544857085346216,57.08863734393625,7.81433312276926
2025-11-02,1,Delhi,189.9094202898551,67.14166666666667,353.95348837209303,Very Poor,23.6,56.73913043478261,0.0,8.42608695652174,6.0,11.0,310.9767441860465,Very Poor,406.1548731642189,314.8139534883721,340.90697674418607,290.1666666666667,139.05072463768116,173.27898550724638,66.58576388888889,47.60471014492754,60.53854166666667,353.95860113225905,341.78624433907447,33.60748372791029,200.83212560386474,178.85509206976596,54.372505072892636,58.243005233494365,57.740026232825144,8.45803475690822
2025-11-03,1,Delhi,133.5952380952381,60.16845238095238,310.9767441860465,Very Poor,24.87857142857143,49.07142857142857,0.0,7.992857142857143,0.0,11.0,218.0689655172414,Poor,353.95348837209303,406.1548731642189,314.8139534883721,189.9094202898551,290.1666666666667,139.05072463768116,67.14166666666667,66.58576388888889,47.60471014492754,358.3074383415614,345.51381908990504,33.25063553494456,206.37560386473433,183.64125925403098,53.53520918567586,60.44404690016103,60.99642504234895,6.6334445821866455
2025-11-04,1,Delhi,95.890350877193,47.04122807017544,218.0689655172414,Poor,23.678947368421053,66.73684210526316,0.0,5.521052631578947,1.0,11.0,324.7906976744186,Very Poor,310.9767441860465,353.95348837209303,406.1548731642189,133.5952380952381,189.9094202898551,290.1666666666667,60.16845238095238,67.14166666666667,66.58576388888889,357.0283685741195,344.19820447196486,34.57558427378957,204.55710835058665,181.86419009303327,55.172998405024764,64.63196097883598,60.82361466819929,6.637598989118746
2025-11-05,1,Delhi,151.89583333333334,47.50173611111112,324.7906976744186,Very Poor,23.416666666666668,54.66666666666666,0.0,8.0,2.0,11.0,382.3488372093024,Very Poor,218.0689655172414,310.9767441860465,353.95348837209303,95.890350877193,133.5952380952381,189.9094202898551,47.04122807017544,60.16845238095238,67.14166666666667,294.33306602512704,330.1582228016704,59.056436612920265,139.79833642076207,175.39668610579244,62.85759374806729,58.1171157059315,59.08166889467458,8.47088837183783
2025-11-06,1,Delhi,227.27536231884056,65.16811594202898,382.3488372093024,Very Poor,20.065217391304348,50.0,0.0,8.521739130434783,3.0,11.0,349.3488372093023,Very Poor,324.7906976744186,218.0689655172414,310.9767441860465,151.89583333333334,95.890350877193,133.5952380952381,47.50173611111112,47.04122807017544,60.16845238095238,284.6121357925689,324.2379570209395,56.874250266145275,127.12714076858815,167.68388848674482,61.79641199241116,51.570472187412975,56.65458556134125,9.074975560127182
2025-11-07,1,Delhi,184.29861111111111,77.27222222222223,349.3488372093023,Very Poor,20.216666666666665,46.833333333333336,0.0,8.025,4.0,11.0,405.2296395193591,Severe,382.3488372093024,324.7906976744186,218.0689655172414,227.27536231884056,151.89583333333334,95.890350877193,65.16811594202898,47.50173611111112,47.04122807017544,308.4028334669875,330.15822280167043,60.91216820054318,158.3538488431223,175.39765660268685,65.84844002682951,53.23702670777184,57.31595331496443,9.560895371926074
2025-11-08,1,Delhi,283.03472222222223,80.98645833333333,405.2296395193591,Severe,20.04583333333333,44.708333333333336,0.0,6.8875,5.0,11.0,372.37209302325584,Very Poor,349.3488372093023,382.3488372093024,324.7906976744186,184.29861111111111,227.27536231884056,151.89583333333334,77.27222222222223,65.16811594202898,47.50173611111112,352.16279069767444,335.09177761894614,60.86077930816843,187.82326892109504,181.8616403846054,63.877158472811075,63.3140247584541,61.55416932600652,11.005085354620741
2025-11-09,1,Delhi,213.70833333333331,82.11562500000001,372.37209302325584,Very Poor,20.09583333333333,46.25,0.0,6.866666666666667,6.0,11.0,413.95327102803736,Severe,405.2296395193591,349.3488372093023,382.3488372093024,283.03472222222223,184.29861111111111,227.27536231884056,80.98645833333333,77.27222222222223,65.16811594202898,378.9757713126546,334.95960138396623,60.68146419016091,231.53623188405797,180.8427911782562,61.88766118539556,74.47559883252818,63.61141138949859,13.224614801191551
2025-11-10,1,Delhi,348.94736842105266,95.07368421052632,413.95327102803736,Severe,18.457894736842103,52.26315789473684,0.0,4.652631578947369,0.0,11.0,410.64886515353805,Severe,372.37209302325584,405.2296395193591,349.3488372093023,213.70833333333331,283.03472222222223,184.29861111111111,82.11562500000001,80.98645833333333,77.27222222222223,375.65018991730585,337.5908306198466,62.026746642437246,227.01388888888889,184.24263589875312,63.110383629036996,80.12476851851852,65.7505482942605,14.98473941481389
2025-11-11,1,Delhi,324.0104166666667,86.99618055555555,410.64886515353805,Severe,20.28333333333333,46.625,0.0,7.208333333333333,1.0,11.0,414.3497997329773,Severe,413.95327102803736,372.37209302325584,405.2296395193591,348.94736842105266,213.70833333333331,283.03472222222223,95.07368421052632,82.11562500000001,80.98645833333333,397.1850011902175,352.3017630258452,66.69824557523015,281.8968079922027,215.00722594529802,83.50129054559207,86.05858918128655,70.73700998419963,18.266031296102046
2025-11-12,1,Delhi,352.25,84.45,414.3497997329773,Severe,20.056521739130435,50.73913043478261,0.0,7.369565217391305,2.0,11.0,406.022696929239,Severe,410.64886515353805,413.95327102803736,372.37209302325584,324.0104166666667,348.94736842105266,213.70833333333331,86.99618055555555,95.07368421052632,82.11562500000001,398.99140973494383,379.813177259602,33.614805231738615,295.55537280701753,247.59580677236568,73.13634481326481,88.0618299220273,76.44486033925394,15.688111492903763
2025-11-13,1,Delhi,289.2537878787879,88.85398550724638,406.022696929239,Severe,19.38695652173913,50.60869565217392,0.0,6.852173913043478,3.0,11.0,401.7930574098799,Severe,414.3497997329773,410.64886515353805,413.95327102803736,352.25,324.0104166666667,348.94736842105266,84.45,86.99618055555555,95.07368421052632,412.9839786381843,392.60733469653894,25.163474074952866,341.7359283625731,276.2178305818895,68.49941984072262,88.83995492202729,81.72318375195233,9.201938091526676
2025-11-14,1,Delhi,256.8020833333333,83.18645833333333,401.7930574098799,Severe,19.23333333333333,49.833333333333336,0.0,6.375,4.0,11.0,397.6976744186047,Very Poor,406.022696929239,414.3497997329773,410.64886515353805,289.2537878787879,352.25,324.0104166666667,88.85398550724638,84.45,86.99618055555555,410.34045393858486,395.98931465652987,25.145818801261974,321.8380681818182,285.0718913761677,65.03695532313289,86.76672202093397,85.10687940412626,5.840751627688823
2025-11-15,1,Delhi,246.625,81.01284722222222,397.6976744186047,Very Poor,19.22083333333333,50.79166666666666,0.0,6.354166666666667,5.0,11.0,371.6046511627907,Very Poor,401.7930574098799,406.022696929239,414.3497997329773,256.8020833333333,289.2537878787879,352.25,83.18645833333333,88.85398550724638,84.45,407.38851802403207,403.48134611375525,14.487401222353705,299.43529040404036,295.4295302650566,50.45096066833912,85.49681461352657,85.95177027714213,4.864763736608805
2025-11-16,1,Delhi,213.47569444444449,72.14305555555556,371.6046511627907,Very Poor,19.104166666666668,48.625,0.0,6.8875,6.0,11.0,369.30232558139534,Very Poor,397.6976744186047,401.7930574098799,406.022696929239,246.625,256.8020833333333,289.2537878787879,81.01284722222222,83.18645833333333,88.85398550724638,401.83780958590796,402.4053510993617,14.615053521471987,264.226957070707,290.2281413761677,53.71322986861138,84.35109702093398,85.95554011841197,4.860282845667029
2025-11-17,1,Delhi,210.29513888888889,66.70694444444445,369.30232558139534,Very Poor,19.308333333333334,51.458333333333336,0.0,3.6916666666666655,0.0,11.0,405.6261682242991,Severe,371.6046511627907,397.6976744186047,401.7930574098799,213.47569444444449,246.625,256.8020833333333,72.14305555555556,81.01284722222222,83.18645833333333,390.3651276637585,402.2957165478667,14.878402268531625,238.96759259259258,290.1949072491836,53.76850957740678,78.78078703703703,84.5308873406342,7.112974400830719
2025-11-18,1,Delhi,285.8703703703704,93.24861111111112,405.6261682242991,Severe,17.433333333333334,69.72222222222223,0.0,3.588888888888889,1.0,11.0,407.4766355140187,Severe,369.30232558139534,371.6046511627907,397.6976744186047,210.29513888888889,213.47569444444449,246.625,66.70694444444445,72.14305555555556,81.01284722222222,379.5348837209303,395.9170100554893,18.239385588073276,223.46527777777774,270.38744588744584,54.05566320031254,73.28761574074075,80.47849594547964,8.115372977169159
2025-11-19,1,Delhi,299.90277777777777,90.50555555555556,407.4766355140187,Severe,20.0375,61.66666666666666,0.0,3.141666666666667,2.0,11.0,405.0974632843792,Severe,405.6261682242991,369.30232558139534,371.6046511627907,285.8703703703704,210.29513888888889,213.47569444444449,93.24861111111112,66.70694444444445,72.14305555555556,382.1777149894951,395.1994819227408,17.65260788642174,236.54706790123456,264.93886784511784,49.47823979745226,77.3662037037037,81.371700310559,9.221050209112999
2025-11-20,1,Delhi,282.1304347826087,58.30034722222222,405.0974632843792,Severe,20.058333333333334,62.708333333333336,0.0,2.8833333333333333,3.0,11.0,379.27906976744185,Very Poor,407.4766355140187,405.6261682242991,369.30232558139534,299.90277777777777,285.8703703703704,210.29513888888889,90.50555555555556,93.24861111111112,66.70694444444445,394.1350431065711,394.2176013200325,16.56770247899759,265.3560956790123,257.46069324194326,36.277533939910214,83.48703703703704,82.23677967563837,9.822418645266154
2025-11-21,1,Delhi,223.14583333333331,49.915625,379.27906976744185,Very Poor,20.4875,61.375,0.0,3.0500000000000003,4.0,11.0,398.4651162790698,Very Poor,405.0974632843792,407.4766355140187,405.6261682242991,282.1304347826087,299.90277777777777,285.8703703703704,58.30034722222222,90.50555555555556,93.24861111111112,406.06675567423235,394.0854250850525,16.461173574589466,289.30119431025224,256.4430713710605,35.32445614999899,80.68483796296296,77.87197420634921,12.74548381678234
2025-11-22,1,Delhi,248.16666666666663,66.853125,398.4651162790698,Very Poor,19.9625,55.04166666666666,0.0,4.008333333333334,5.0,11.0,404.5687583444593,Severe,379.27906976744185,405.0974632843792,407.4766355140187,223.14583333333331,282.1304347826087,299.90277777777777,49.915625,58.30034722222222,90.50555555555556,397.28438952194665,390.8691411361328,16.89788249738529,268.3930152979065,251.6350356567748,37.49146554684654,66.24050925925926,73.11899801587302,16.175405131886205
2025-11-23,1,Delhi,278.17045454545456,76.61969696969696,404.5687583444593,Severe,18.84090909090909,58.36363636363637,0.0,4.259090909090909,6.0,11.0,396.1627906976744,Very Poor,398.4651162790698,379.27906976744185,405.0974632843792,248.16666666666663,223.14583333333331,282.1304347826087,66.853125,49.915625,58.30034722222222,394.28054977696365,390.9787756876278,16.951973487919528,251.14764492753616,251.8552737520129,37.46164599858883,58.356365740740735,71.09618055555556,15.90685472313751
2025-11-24,1,Delhi,244.86111111111111,70.28715277777778,396.1627906976744,Very Poor,18.183333333333334,56.958333333333336,0.0,4.2375,0.0,11.0,354.72093023255815,Very Poor,404.5687583444593,398.4651162790698,379.27906976744185,278.17045454545456,248.16666666666663,223.14583333333331,76.61969696969696,66.853125,49.915625,394.10431479699037,395.68793385643767,15.156484661181425,249.8276515151515,261.09738233787147,34.25840568414684,64.46281565656564,71.73570075757576,16.045344843017727
2025-11-25,1,Delhi,190.90625,72.58888888888889,354.72093023255815,Very Poor,17.337500000000002,58.16666666666666,0.0,5.825,1.0,11.0,373.1395348837209,Very Poor,396.1627906976744,404.5687583444593,398.4651162790698,244.86111111111111,278.17045454545456,248.16666666666663,70.28715277777778,76.61969696969696,66.853125,399.7322217737346,399.52514315876317,9.82573239063701,257.0660774410774,266.0353783696175,27.549628219965644,71.25332491582492,72.2471590909091,15.91486370553169
2025-11-26,1,Delhi,214.86111111111111,64.55416666666666,373.1395348837209,Very Poor,17.741666666666667,55.04166666666666,0.0,2.6416666666666666,2.0,11.0,407.34445927903874,Severe,354.72093023255815,396.1627906976744,404.5687583444593,190.90625,244.86111111111111,278.17045454545456,72.58888888888889,70.28715277777778,76.61969696969696,385.15082642489733,392.25296630280025,19.05812686489272,237.97927188552185,252.4690754595646,37.67523300022468,73.1652462121212,69.2957702020202,13.024196957187549
2025-11-27,1,Delhi,298.87152777777777,88.06006944444444,407.34445927903874,Severe,17.933333333333334,58.125,0.0,2.8708333333333336,3.0,11.0,380.8139534883721,Very Poor,373.1395348837209,354.72093023255815,396.1627906976744,214.86111111111111,190.90625,244.86111111111111,64.55416666666666,72.58888888888889,70.28715277777778,374.67441860465124,387.3476662127577,18.905037120371382,216.8761574074074,240.32026593575506,33.28610056922746,69.14340277777778,65.58842893217893,9.07556602994762
2025-11-28,1,Delhi,224.74305555555557,82.82708333333333,380.8139534883721,Very Poor,18.35833333333333,58.583333333333336,0.0,5.8125,4.0,11.0,336.30232558139534,Very Poor,407.34445927903874,373.1395348837209,354.72093023255815,298.87152777777777,214.86111111111111,190.90625,88.06006944444444,64.55416666666666,72.58888888888889,378.40164146510597,387.6686656405662,19.27216353344493,234.87962962962965,242.71185064935065,37.16608949213183,75.06770833333333,69.83981782106783,11.687127765859529
2025-11-29,1,Delhi,167.44791666666666,67.43020833333334,336.30232558139534,Very Poor,18.775,51.583333333333336,0.0,6.875,5.0,11.0,348.5813953488372,Very Poor,380.8139534883721,407.34445927903874,373.1395348837209,224.74305555555557,298.87152777777777,214.86111111111111,82.82708333333333,88.06006944444444,64.55416666666666,387.09931588371063,387.88793474355623,19.169258943933638,246.1585648148148,242.94002525252523,37.03060303494098,78.48043981481482,74.54145472582972,8.529279095353528
2025-11-30,1,Delhi,182.63541666666663,61.67847222222222,348.5813953488372,Very Poor,16.8875,48.79166666666666,0.0,7.004166666666666,6.0,11.0,388.48837209302326,Very Poor,336.30232558139534,380.8139534883721,407.34445927903874,167.44791666666666,224.74305555555557,298.87152777777777,67.43020833333334,82.82708333333333,88.06006944444444,374.8202461162687,379.00753607245986,26.46359408146158,230.35416666666663,231.40877525252526,46.491120942816984,79.43912037037036,74.6238952020202,8.444953597420598
2025-12-01,1,Delhi,234.65217391304347,66.59202898550724,388.48837209302326,Very Poor,17.09565217391304,53.0,0.0,3.5565217391304347,0.0,12.0,411.5740987983978,Severe,348.5813953488372,336.30232558139534,380.8139534883721,182.63541666666663,167.44791666666666,224.74305555555557,61.67847222222222,67.43020833333334,82.82708333333333,355.2325581395349,371.0093413587996,25.905298669068873,191.60879629629628,217.76091269841268,44.45387637858694,70.64525462962963,72.48943452380952,9.65757683805612
2025-12-02,1,Delhi,330.67361111111114,71.3625,411.5740987983978,Severe,18.02083333333333,57.083333333333336,0.0,4.366666666666666,1.0,12.0,363.9302325581396,Very Poor,388.48837209302326,348.5813953488372,336.30232558139534,234.65217391304347,182.63541666666663,167.44791666666666,66.59202898550724,61.67847222222222,67.43020833333334,357.79069767441865,369.9129958438494,24.80226361359484,194.91183574879224,216.30249309868873,43.575390202512615,65.23356984702093,71.9615596963423,9.896055836019778
2025-12-03,1,Delhi,203.15625,64.68923611111111,363.9302325581396,Very Poor,15.966666666666669,54.833333333333336,0.0,6.470833333333334,2.0,12.0,389.2558139534884,Very Poor,411.5740987983978,388.48837209302326,348.5813953488372,330.67361111111114,234.65217391304347,182.63541666666663,71.3625,66.59202898550724,61.67847222222222,382.8812887467528,378.0348770675408,28.089166481400362,249.32040056360702,236.2692589717046,59.21425656559455,66.54433373590983,71.78636128364388,9.893954348279246
2025-12-04,1,Delhi,235.5079365079365,65.19960317460317,389.2558139534884,Very Poor,14.109523809523813,58.90476190476191,0.0,6.295238095238095,3.0,12.0,370.0697674418605,Very Poor,363.9302325581396,411.5740987983978,388.48837209302326,203.15625,330.67361111111114,234.65217391304347,64.68923611111111,71.3625,66.59202898550724,387.9975678165203,376.7192624496006,28.568246856134646,256.1606783413849,234.59713595583162,60.07850376018312,67.54792169887277,71.80565691856454,9.877617259584738
2025-12-05,1,Delhi,210.55416666666665,78.49416666666667,370.0697674418605,Very Poor,14.395,58.9,0.0,5.755,4.0,12.0,338.6046511627907,Very Poor,389.2558139534884,363.9302325581396,411.5740987983978,235.5079365079365,203.15625,330.67361111111114,65.19960317460317,64.68923611111111,71.3625,388.2533817700087,374.1351702602362,26.042875181336864,256.4459325396825,225.54519434585427,53.154849683990264,67.08377976190475,68.53987602287292,6.954383292296664
2025-12-06,1,Delhi,169.51041666666666,67.721875,338.6046511627907,Very Poor,16.579166666666666,51.79166666666666,0.0,9.7375,5.0,12.0,334.7674418604651,Very Poor,370.0697674418605,389.2558139534884,363.9302325581396,210.55416666666665,235.5079365079365,203.15625,78.49416666666667,65.19960317460317,64.68923611111111,374.4186046511629,372.600286539306,25.899866037858004,216.4061177248677,223.51821021887014,53.46019563071754,69.46100198412698,67.92088792763482,5.514560537216761
2025-12-07,1,Delhi,164.6875,63.36770833333333,334.7674418604651,Very Poor,17.358333333333334,56.29166666666666,0.0,8.612499999999999,6.0,12.0,327.86046511627904,Very Poor,338.6046511627907,370.0697674418605,389.2558139534884,169.51041666666666,210.55416666666665,235.5079365079365,67.721875,78.49416666666667,65.19960317460317,365.9767441860466,372.92919019379104,25.371317060568558,205.1908399470899,223.812853076013,53.10416076872233,70.47188161375662,67.9625545943015,5.511336111674656
2025-12-08,1,Delhi,156.5,74.17708333333333,327.86046511627904,Very Poor,17.829166666666666,52.583333333333336,0.0,9.858333333333333,0.0,12.0,306.37209302325584,Very Poor,334.7674418604651,338.6046511627907,370.0697674418605,164.6875,169.51041666666666,210.55416666666665,63.36770833333333,67.721875,78.49416666666667,347.81395348837214,370.95576826688074,27.983523544103164,181.58402777777778,221.24886498077493,55.78906584650141,69.86125,68.20387403874594,5.219582195892721
2025-12-09,1,Delhi,128.18402777777777,67.87465277777777,306.37209302325584,Very Poor,17.658333333333335,54.458333333333336,0.0,9.758333333333333,1.0,12.0,363.9302325581396,Very Poor,327.86046511627904,334.7674418604651,338.6046511627907,156.5,164.6875,169.51041666666666,74.17708333333333,63.36770833333333,67.721875,333.7441860465117,362.29463869877446,30.88465729832367,163.5659722222222,210.084268707483,60.29752422294132,68.42222222222223,69.28745323129252,5.602475755320713
2025-12-10,1,Delhi,202.76388888888889,65.52395833333334,363.9302325581396,Very Poor,17.316666666666666,58.79166666666666,0.0,6.625,2.0,12.0,357.0232558139535,Very Poor,306.37209302325584,327.86046511627904,334.7674418604651,128.18402777777777,156.5,164.6875,67.87465277777777,74.17708333333333,63.36770833333333,323.00000000000006,347.265780730897,28.404730424699405,149.79050925925924,181.15718537414963,36.79487164512227,68.47314814814814,68.78918934240363,5.54194197675134
2025-12-11,1,Delhi,193.93560606060603,62.32310606060606,357.0232558139535,Very Poor,17.554545454545455,61.59090909090909,0.0,5.663636363636363,3.0,12.0,403.2469959946595,Severe,363.9302325581396,306.37209302325584,327.86046511627904,202.76388888888889,128.18402777777777,156.5,65.52395833333334,67.87465277777777,74.17708333333333,332.7209302325582,347.265780730897,28.404730424699405,162.48263888888889,181.10113378684807,36.75605228209492,69.19189814814816,68.90843537414966,5.447190483378709
2025-12-12,1,Delhi,267.8125,69.21770833333333,403.2469959946595,Severe,17.516666666666666,62.79166666666666,0.0,2.904166666666667,4.0,12.0,423.99866488651537,Severe,357.0232558139535,363.9302325581396,306.37209302325584,193.93560606060603,202.76388888888889,128.18402777777777,62.32310606060606,65.52395833333334,67.87465277777777,342.4418604651164,342.66112956810633,22.452163988668147,174.96117424242422,175.16222943722943,29.051028892512434,65.24057239057238,68.49750721500722,5.8660093930038935
2025-12-13,1,Delhi,425.2638888888889,68.99166666666666,423.99866488651537,Severe,17.691666666666666,67.83333333333333,0.0,2.5083333333333333,5.0,12.0,426.7743658210948,Severe,403.2469959946595,357.0232558139535,363.9302325581396,267.8125,193.93560606060603,202.76388888888889,69.21770833333333,62.32310606060606,65.52395833333334,374.7334947889176,347.40073364707763,31.055769349746758,221.5039983164983,183.34199134199133,44.584933103485334,65.68825757575758,67.17229888167388,3.9739285089210203
2025-12-14,1,Delhi,446.03125,61.54756944444444,426.7743658210948,Severe,17.741666666666667,69.29166666666667,0.0,2.5625,6.0,12.0,401.5287049399199,Severe,423.99866488651537,403.2469959946595,357.0232558139535,425.2638888888889,267.8125,193.93560606060603,68.99166666666666,69.21770833333333,62.32310606060606,394.75630556504285,359.5998784647526,41.902471928954704,295.67066498316495,219.87820165945163,100.76170483142747,66.84416035353536,67.3536976911977,4.031756715846706
2025-12-15,1,Delhi,254.79513888888889,71.50277777777778,401.5287049399199,Severe,16.541666666666668,70.625,0.0,6.683333333333334,0.0,12.0,343.9767441860465,Very Poor,426.7743658210948,423.99866488651537,403.2469959946595,446.03125,425.2638888888889,267.8125,61.54756944444444,68.99166666666666,69.21770833333333,418.0066755674233,372.74372474484255,46.94205630558451,379.7025462962963,260.07016594516597,127.61201402118924,66.58564814814814,67.09367784992784,4.375692614249963
2025-12-16,1,Delhi,177.46376811594203,62.225724637681154,343.9767441860465,Very Poor,17.143478260869564,70.04347826086956,0.0,9.534782608695652,1.0,12.0,384.6511627906977,Very Poor,401.5287049399199,426.7743658210948,423.99866488651537,254.79513888888889,446.03125,425.2638888888889,71.50277777777778,61.54756944444444,68.99166666666666,417.4339118825101,383.2677590053627,43.320743513375,375.3634259259259,274.1123286435787,119.46389066649638,67.34733796296297,66.7116341991342,3.7220948984869406
2025-12-17,1,Delhi,230.08333333333331,54.29891304347826,384.6511627906977,Very Poor,17.07391304347826,69.56521739130434,0.0,7.334782608695652,2.0,12.0,413.2923898531376,Severe,343.9767441860465,401.5287049399199,426.7743658210948,177.46376811594203,254.79513888888889,446.03125,62.225724637681154,71.50277777777778,61.54756944444444,390.7599383156871,388.63985202861846,33.38898427589583,292.76338566827695,281.1522915490307,110.55064808612474,65.09202395330112,65.90464446483467,4.027738984435863
2025-12-18,1,Delhi,344.04545454545456,60.69431818181818,413.2923898531376,Severe,16.422727272727272,76.0909090909091,0.0,5.745454545454546,3.0,12.0,406.1548731642189,Severe,384.6511627906977,343.9767441860465,401.5287049399199,230.08333333333331,177.46376811594203,254.79513888888889,54.29891304347826,62.225724637681154,71.50277777777778,376.7188706388881,391.59998491898386,31.709497174129037,220.78074677938807,285.05506932680845,107.76931370178485,62.67580515297907,64.30106656628395,5.970537850107048
2025-12-19,1,Delhi,289.7291666666667,52.70555555555556,406.1548731642189,Severe,15.320833333333333,76.79166666666667,0.0,5.604166666666667,4.0,12.0,401.3965287049399,Severe,413.2923898531376,384.6511627906977,343.9767441860465,344.04545454545456,230.08333333333331,177.46376811594203,60.69431818181818,54.29891304347826,62.225724637681154,380.64009894329405,399.6384326388674,28.447750380373115,250.53085199824326,306.49933339607253,101.36030089614265,59.07298528765921,64.06838258359997,6.090993988581371
2025-12-20,1,Delhi,254.0034722222222,41.86736111111111,401.3965287049399,Severe,14.975,80.125,0.0,3.9416666666666655,5.0,12.0,376.9767441860465,Very Poor,406.1548731642189,413.2923898531376,384.6511627906977,289.7291666666667,344.04545454545456,230.08333333333331,52.70555555555556,60.69431818181818,54.29891304347826,401.3661419360181,400.0538436630901,28.53033857030812,287.9526515151515,309.6302857770249,100.29906194374695,55.89959559361734,61.70950361534601,6.907114195980571
2025-12-21,1,Delhi,219.84375,34.80763888888889,376.9767441860465,Very Poor,14.625,84.58333333333333,0.0,4.041666666666667,6.0,12.0,416.3324432576769,Severe,401.3965287049399,406.1548731642189,413.2923898531376,254.0034722222222,289.7291666666667,344.04545454545456,41.86736111111111,52.70555555555556,60.69431818181818,406.94793057409885,396.82496706572226,26.581165464638914,295.9260311447811,285.16451196750114,87.45723198770804,51.75574494949496,57.83460282169521,9.325825132624923
2025-12-22,1,Delhi,366.5108695652174,53.69891304347826,416.3324432576769,Severe,15.64782608695652,82.56521739130434,0.0,3.639130434782609,0.0,12.0,382.3488372093024,Very Poor,376.9767441860465,401.3965287049399,406.1548731642189,219.84375,254.0034722222222,289.7291666666667,34.80763888888889,41.86736111111111,52.70555555555556,394.8427153517352,389.7110211178582,23.74193905932472,254.52546296296293,252.8520119675011,53.186175375998715,43.12685185185186,54.01461274233014,12.490895109383805
2025-12-23,1,Delhi,226.5972222222222,54.96770833333333,382.3488372093024,Very Poor,16.733333333333334,78.625,0.0,8.895833333333334,1.0,12.0,303.30232558139534,Very Poor,416.3324432576769,376.9767441860465,401.3965287049399,366.5108695652174,219.84375,254.0034722222222,53.69891304347826,34.80763888888889,41.86736111111111,398.23523871622115,391.8258408775377,25.55977715505629,280.11936392914646,268.8114020641195,68.44007202065178,43.45797101449276,51.47120349457306,9.875187758413642
2025-12-24,1,Delhi,124.27898550724638,51.823188405797104,303.30232558139534,Very Poor,14.978260869565217,67.3913043478261,0.0,7.878260869565217,2.0,12.0,386.1860465116279,Very Poor,382.3488372093024,416.3324432576769,376.9767441860465,226.5972222222222,366.5108695652174,219.84375,54.96770833333333,53.69891304347826,34.80763888888889,391.8860082176754,397.3075684522886,15.862668087926876,270.98394726247983,275.8304669364452,59.43769370690123,47.82475342190017,50.43434402252337,8.889659514477069
2025-12-25,1,Delhi,231.92013888888889,45.63611111111111,386.1860465116279,Very Poor,14.879166666666668,65.5,0.0,4.495833333333334,3.0,12.0,391.5581395348837,Very Poor,303.30232558139534,382.3488372093024,416.3324432576769,124.27898550724638,226.5972222222222,366.5108695652174,51.823188405797104,54.96770833333333,53.69891304347826,367.32786868279163,385.68630599381675,39.24531888911612,239.12902576489532,260.7155601041471,82.1308559858523,53.49660326086957,50.0806690742832,8.758564103399348
2025-12-26,1,Delhi,238.91304347826087,50.09891304347826,391.5581395348837,Very Poor,15.308695652173911,67.95652173913044,0.0,5.208695652173913,4.0,12.0,410.64886515353805,Severe,386.1860465116279,303.30232558139534,382.3488372093024,231.92013888888889,124.27898550724638,226.5972222222222,45.63611111111111,51.823188405797104,54.96770833333333,357.27906976744197,381.813971230744,37.35942399441464,194.26544887278578,244.6976578674948,73.66835329223453,50.80900261674719,47.92949663561076,7.472019126982158
2025-12-27,1,Delhi,324.2826086956522,51.85434782608696,410.64886515353805,Severe,14.695652173913045,77.78260869565217,0.0,4.665217391304347,5.0,12.0,390.0232558139535,Very Poor,391.5581395348837,386.1860465116279,303.30232558139534,238.91304347826087,231.92013888888889,124.27898550724638,50.09891304347826,45.63611111111111,51.823188405797104,360.3488372093023,379.72872356941036,36.16257474126933,198.37072262479873,237.43821169772258,70.94468000820119,49.186070853462176,47.55711913388543,7.256162814248831
2025-12-28,1,Delhi,237.44444444444449,50.891666666666666,390.0232558139535,Very Poor,14.844444444444443,75.22222222222223,0.0,5.1,6.0,12.0,393.09302325581393,Very Poor,410.64886515353805,391.5581395348837,386.1860465116279,324.2826086956522,238.91304347826087,231.92013888888889,51.85434782608696,50.09891304347826,45.63611111111111,396.1310170666832,381.05048591921013,37.23959106858615,265.038597020934,247.47808833678397,78.27391360045914,49.19645732689212,48.983831521739134,6.925263690925361
2025-12-29,1,Delhi,240.76388888888889,43.39351851851852,393.09302325581393,Very Poor,14.605555555555554,76.94444444444444,0.0,4.022222222222222,0.0,12.0,410.913217623498,Severe,390.0232558139535,410.64886515353805,391.5581395348837,237.44444444444449,324.2826086956522,238.91304347826087,50.891666666666666,51.85434782608696,50.09891304347826,397.4100868341252,382.9142732946254,37.32809969701851,266.88003220611915,249.99247325741888,77.51730531063744,50.948309178743976,51.28154977570739,2.9853669871365165
2025-12-30,1,Delhi,326.39236111111114,46.52777777777778,410.913217623498,Severe,14.2875,76.20833333333333,0.0,4.3375,1.0,12.0,393.09302325581393,Very Poor,393.09302325581393,390.0232558139535,410.64886515353805,240.76388888888889,237.44444444444449,324.2826086956522,43.39351851851852,50.891666666666666,51.85434782608696,397.9217147411018,379.59435615150215,34.80900764691014,267.4969806763285,232.02861887508627,58.17119186383379,48.71317767042405,49.809350557856,3.9724109906963565
2025-12-31,1,Delhi,240.8159722222222,30.985763888888886,393.09302325581393,Very Poor,13.175,85.79166666666667,0.0,7.791666666666667,2.0,12.0,358.5581395348837,Very Poor,410.913217623498,393.09302325581393,390.0232558139535,326.39236111111114,240.76388888888889,237.44444444444449,46.52777777777778,43.39351851851852,50.891666666666666,398.0098322310885,383.6749819249586,36.802910779944185,268.20023148148147,246.2850672877847,68.01423491560729,46.93765432098766,48.60364619277663,3.3829055148238365
2026-01-01,1,Delhi,196.41666666666663,24.271875,358.5581395348837,Very Poor,13.9,88.625,0.0666666666666666,5.754166666666666,3.0,1.0,252.20689655172413,Poor,393.09302325581393,410.913217623498,393.09302325581393,240.8159722222222,326.39236111111114,240.76388888888889,30.985763888888886,46.52777777777778,43.39351851851852,399.03308804504195,396.50222444987554,10.03239760722811,269.3240740740741,262.93320824706694,42.73936463130984,40.302353395061736,45.62687126178974,7.149129320149263
2026-01-02,1,Delhi,106.09469696969698,21.21060606060606,252.20689655172413,Poor,13.581818181818182,78.5,0.0,6.25,4.0,1.0,329.3953488372093,Very Poor,358.5581395348837,393.09302325581393,410.913217623498,196.41666666666663,240.8159722222222,326.39236111111114,24.271875,30.985763888888886,46.52777777777778,387.52146013806527,392.55538059605493,17.455567537964008,254.54166666666663,257.86128364389236,48.721125864571114,33.92847222222223,42.57483753163102,10.78186526034462
2026-01-03,1,Delhi,158.0,22.279347826086955,329.3953488372093,Very Poor,12.682608695652174,76.82608695652173,0.0,3.830434782608696,5.0,1.0,310.9767441860465,Very Poor,252.20689655172413,358.5581395348837,393.09302325581393,106.09469696969698,196.41666666666663,240.8159722222222,21.21060606060606,24.271875,30.985763888888886,334.61935311414067,372.64806016988933,55.90285273936091,181.10911195286192,238.88723414266892,75.71486839574035,25.48941498316499,38.44793653407783,12.76774061249464
2026-01-04,1,Delhi,134.30555555555557,16.656944444444445,310.9767441860465,Very Poor,12.575,77.75,0.0,5.629166666666666,6.0,1.0,327.86046511627904,Very Poor,329.3953488372093,252.20689655172413,358.5581395348837,158.0,106.09469696969698,196.41666666666663,22.279347826086955,21.21060606060606,24.271875,313.3867949746057,361.0404149818424,55.12765116366098,153.50378787878785,215.13257575757575,70.35248854206095,22.58727629556435,34.22293653407784,12.482175452522474
2026-01-05,1,Delhi,156.30902777777777,16.368055555555554,327.86046511627904,Very Poor,12.358333333333334,81.625,0.0,5.145833333333333,0.0,1.0,344.74418604651163,Very Poor,310.9767441860465,329.3953488372093,252.20689655172413,134.30555555555557,158.0,106.09469696969698,16.656944444444445,22.279347826086955,21.21060606060606,297.52632985832673,349.74805617785563,56.285125382997144,132.80008417508415,200.3984487734488,75.51198810885583,20.048966110379162,29.332261930903233,11.533392472196788
2026-01-06,1,Delhi,177.64583333333334,13.03263888888889,344.74418604651163,Very Poor,11.841666666666669,85.54166666666667,0.0,5.920833333333333,1.0,1.0,336.30232558139534,Very Poor,327.86046511627904,310.9767441860465,329.3953488372093,156.30902777777777,134.30555555555557,158.0,16.368055555555554,16.656944444444445,22.279347826086955,322.7441860465117,340.42911930077923,53.229807464325916,149.53819444444443,188.3334686147186,74.73054278909697,18.43478260869566,25.47148150762281,10.520829999645974
2026-01-07,1,Delhi,167.29166666666666,13.071527777777776,336.30232558139534,Very Poor,10.825,89.29166666666667,0.0,6.666666666666667,2.0,1.0,401.3965287049399,Severe,344.74418604651163,327.86046511627904,310.9767441860465,177.64583333333334,156.30902777777777,134.30555555555557,13.03263888888889,16.368055555555554,16.656944444444445,327.8604651162791,330.9764005040669,43.637920917936846,156.08680555555554,167.08396464646464,43.591096131392476,15.352546296296305,20.686461666352972,5.989010382864713
2026-01-08,1,Delhi,254.32291666666663,20.89166666666667,401.3965287049399,Severe,10.0,87.66666666666667,0.0,4.033333333333333,3.0,1.0,400.0,Very Poor,336.30232558139534,344.74418604651163,327.86046511627904,167.29166666666666,177.64583333333334,156.30902777777777,13.071527777777776,13.03263888888889,16.368055555555554,336.3023255813954,322.86344369343567,34.4837136210921,167.0821759259259,156.58049242424244,29.417896110855242,14.157407407407417,18.127285079051383,4.495838268474074
2026-01-09,1,Delhi,249.5590277777778,49.47951388888888,400.0,Very Poor,11.5125,82.25,0.0291666666666666,3.516666666666667,4.0,1.0,327.86046511627904,Very Poor,401.3965287049399,336.30232558139534,344.74418604651163,254.32291666666663,167.29166666666666,177.64583333333334,20.89166666666667,13.071527777777776,13.03263888888889,360.81434677761564,328.9832135748723,44.28305183138623,199.75347222222217,164.85281385281385,45.971217943630236,15.665277777777789,17.644398174289478,3.862834286363766
2026-01-20,1,Delhi,338.3981481481481,71.09537037037038,412.4993324432577,Severe,14.011111111111113,80.66666666666667,0.0,4.455555555555556,1.0,1.0,372.37209302325584,Very Poor,,,,,,,,,,,,,,,,,,
2026-01-21,1,Delhi,214.2534722222222,83.57048611111111,372.37209302325584,Very Poor,16.204166666666666,62.66666666666666,0.0,5.091666666666667,2.0,1.0,334.0,Very Poor,412.4993324432577,,,338.3981481481481,,,71.09537037037038,,,412.4993324432577,412.4993324432577,,338.3981481481481,338.3981481481481,,71.09537037037038,71.09537037037038,
2026-01-22,1,Delhi,164.32638888888889,69.77083333333333,334.0,Very Poor,18.4625,60.625,0.0,8.525,3.0,1.0,320.1860465116279,Very Poor,372.37209302325584,412.4993324432577,,214.2534722222222,338.3981481481481,,83.57048611111111,71.09537037037038,,392.4357127332569,392.43571273325676,28.374243104179445,276.3258101851851,276.3258101851851,87.78354219542855,77.33292824074076,77.33292824074074,8.821238936364812
2026-01-23,1,Delhi,145.98958333333334,58.49791666666667,320.1860465116279,Very Poor,14.025,87.625,0.9958333333333332,10.966666666666669,4.0,1.0,101.0,Moderate,334.0,372.37209302325584,412.4993324432577,164.32638888888889,214.2534722222222,338.3981481481481,69.77083333333333,83.57048611111111,71.09537037037038,372.95714182217125,372.9571418221712,39.252936324332566,238.99266975308637,238.99266975308637,89.63406307736314,74.81222993827161,74.81222993827161,7.613730227847035
2026-01-24,1,Delhi,61.26086956521739,49.91630434782609,101.0,Moderate,11.291304347826086,65.56521739130434,0.0,9.07391304347826,5.0,1.0,245.3793103448276,Poor,320.1860465116279,334.0,372.37209302325584,145.98958333333334,164.32638888888889,214.2534722222222,58.49791666666667,69.77083333333333,83.57048611111111,342.18604651162804,359.76436799453535,41.513762358082516,174.85648148148144,215.74189814814812,86.70969013555803,70.6130787037037,70.73365162037037,10.255980192192128
2026-01-25,1,Delhi,103.7986111111111,57.374652777777776,245.3793103448276,Poor,10.8,76.25,0.0,6.604166666666667,6.0,1.0,350.1162790697674,Very Poor,101.0,320.1860465116279,334.0,61.26086956521739,145.98958333333334,164.32638888888889,49.91630434782609,58.49791666666667,69.77083333333333,251.7286821705427,308.0114943956283,121.17897498149082,123.85894726247987,184.845692431562,102.03825464482142,59.39501811594204,66.57018216586151,12.867060144808498
2026-01-26,1,Delhi,184.52083333333331,55.45972222222222,350.1162790697674,Very Poor,13.366666666666667,75.45833333333333,0.0,3.341666666666667,0.0,1.0,320.1860465116279,Very Poor,245.3793103448276,101.0,320.1860465116279,103.7986111111111,61.26086956521739,145.98958333333334,57.374652777777776,49.91630434782609,58.49791666666667,222.18845228548523,297.5727970538282,111.36100572109635,103.68302133655392,171.33784554482017,97.07840075868113,55.26295793075685,65.03759393451422,12.105451232287075
2026-01-27,1,Delhi,146.4855072463768,57.15652173913043,320.1860465116279,Very Poor,14.552173913043475,86.08695652173913,0.8652173913043479,7.895652173913043,1.0,1.0,320.95348837209303,Very Poor,350.1162790697674,245.3793103448276,101.0,184.52083333333331,103.7986111111111,61.26086956521739,55.45972222222222,57.374652777777776,49.91630434782609,232.1651964715317,305.07900877039094,103.57990713944199,116.5267713365539,173.22112951460775,88.76001664297911,54.25022644927537,63.669326547043944,11.628558843914004
2026-01-28,1,Delhi,147.25347222222223,49.077777777777776,320.95348837209303,Very Poor,14.004166666666668,85.33333333333333,0.0,6.266666666666667,2.0,1.0,318.6511627906977,Very Poor,320.1860465116279,350.1162790697674,245.3793103448276,146.4855072463768,184.52083333333331,103.7986111111111,57.15652173913043,55.45972222222222,57.374652777777776,305.22721197540767,291.8913964944438,92.95562364791715,144.9349838969404,145.80503795721185,50.72786020553131,56.663632246376814,61.678062456866805,11.334716990882754
2026-01-29,1,Delhi,143.8125,52.23993055555555,318.6511627906977,Very Poor,13.225,85.70833333333333,0.0,6.4875,3.0,1.0,362.3953488372093,Very Poor,320.95348837209303,320.1860465116279,350.1162790697674,147.25347222222223,146.4855072463768,184.52083333333331,49.077777777777776,57.15652173913043,55.45972222222222,330.41860465116287,284.5458815442777,87.40161549612958,159.4199376006441,136.23360938578327,41.05995392998402,53.898007246376814,56.75053269496204,6.835934089262017
2026-01-30,1,Delhi,201.2210144927536,52.73985507246377,362.3953488372093,Very Poor,13.639130434782608,84.0,0.0,3.5478260869565217,4.0,1.0,353.95348837209303,Very Poor,318.6511627906977,320.95348837209303,320.1860465116279,143.8125,147.25347222222223,146.4855072463768,52.23993055555555,49.077777777777776,57.15652173913043,319.9302325581396,282.3531905143774,86.13754453101566,145.85049315619963,133.30305383022773,39.4200395993316,52.82474335748793,54.24611801242236,3.814285032785995
2026-01-31,1,Delhi,189.5625,57.34618055555556,353.95348837209303,Very Poor,14.791666666666666,83.875,0.5416666666666666,6.7625,5.0,1.0,269.2758620689655,Poor,362.3953488372093,318.6511627906977,320.95348837209303,201.2210144927536,143.8125,147.25347222222223,52.73985507246377,52.23993055555555,49.077777777777776,334.00000000000006,288.3830908466033,90.58970112265226,164.09566223832527,141.1932582815735,47.15179600293117,51.352521135265704,53.423537784679084,3.335345821614089
2026-02-01,1,Delhi,110.78472222222224,49.06388888888889,269.2758620689655,Poor,16.133333333333333,85.5,0.0083333333333333,4.616666666666666,6.0,2.0,314.04651162790697,Very Poor,353.95348837209303,362.3953488372093,318.6511627906977,189.5625,201.2210144927536,143.8125,57.34618055555556,52.73985507246377,52.23993055555555,345.00000000000006,324.519303471188,39.33877847923246,178.1986714975845,159.52206262939958,34.00620652807101,54.108655394524966,54.484948671497584,3.213188419915732
2026-02-02,1,Delhi,137.97826086956522,54.74021739130435,314.04651162790697,Very Poor,14.8,88.1304347826087,0.0,5.769565217391304,0.0,2.0,302.5348837209302,Very Poor,269.2758620689655,353.95348837209303,362.3953488372093,110.78472222222224,189.5625,201.2210144927536,49.06388888888889,57.34618055555556,52.73985507246377,328.54156642608933,327.9330965746363,31.60263273810451,167.18941223832525,160.52007850241543,32.150131014905185,53.04997483896941,53.2976966873706,3.490893089152448
2026-02-03,1,Delhi,123.425,57.9675,302.5348837209302,Very Poor,15.09,82.2,0.0,4.8100000000000005,1.0,2.0,333.2325581395349,Very Poor,314.04651162790697,269.2758620689655,353.95348837209303,137.97826086956522,110.78472222222224,189.5625,54.74021739130435,49.06388888888889,57.34618055555556,312.4252873563219,322.7802726543705,30.296426828023492,146.10849436392914,153.87113957902002,31.15665828717558,53.71676227858294,53.19491028295376,3.426625249735528
2026-02-04,1,Delhi,162.85087719298244,55.42631578947368,333.2325581395349,Very Poor,15.826315789473684,73.94736842105263,0.0,7.915789473684211,2.0,2.0,309.4418604651163,Very Poor,302.5348837209302,314.04651162790697,269.2758620689655,123.425,137.97826086956522,110.78472222222224,57.9675,54.74021739130435,49.06388888888889,295.28575247260096,320.2586779699851,31.2673353432274,124.0626610305958,150.57678140096618,33.218655434905784,53.923868760064416,53.310764320220834,3.5925816108716324
2026-02-05,1,Delhi,131.80555555555557,60.27118055555555,309.4418604651163,Very Poor,15.258333333333333,70.125,0.0,8.079166666666667,3.0,2.0,279.51724137931035,Poor,333.2325581395349,302.5348837209302,314.04651162790697,162.85087719298244,123.425,137.97826086956522,55.42631578947368,57.9675,54.74021739130435,316.60465116279073,322.0128307939054,31.654849541700848,141.4180460208492,152.8049821110748,33.48066434078119,56.04467772692601,54.21769832189169,3.11553991445798
2026-02-06,1,Delhi,114.04347826086956,62.41485507246377,279.51724137931035,Poor,16.48695652173913,68.82608695652173,0.0,9.2,4.0,2.0,245.3793103448276,Poor,309.4418604651163,333.2325581395349,302.5348837209302,131.80555555555557,162.85087719298244,123.425,60.27118055555555,55.42631578947368,57.9675,315.0697674418605,320.69721617596514,32.00726372645552,139.360477582846,151.089704333297,34.31531544456114,57.888332115009746,55.36501975046311,3.691390667124354
2026-02-07,1,Delhi,104.06666666666668,51.7275,245.3793103448276,Poor,18.445,65.75,0.0,9.69,5.0,2.0,384.6511627906977,Very Poor,279.51724137931035,309.4418604651163,333.2325581395349,114.04347826086956,131.80555555555557,162.85087719298244,62.41485507246377,60.27118055555555,55.42631578947368,307.3972199946539,308.8574865391225,29.21926093986911,136.2333036698025,138.63577058588498,28.398405447517916,59.370783805831,56.747162607605965,4.304932184557857
2026-02-08,1,Delhi,230.09375,42.175,384.6511627906977,Very Poor,12.8875,74.875,0.0,4.0875,6.0,2.0,330.16279069767444,Very Poor,245.3793103448276,279.51724137931035,309.4418604651163,104.06666666666668,114.04347826086956,131.80555555555557,51.7275,62.41485507246377,60.27118055555555,278.1128040630848,293.34688967808455,30.09532196750899,116.63856682769726,126.42208010969452,19.983693866882312,58.13784520933979,55.94449395681232,4.681931548220169
2026-02-09,1,Delhi,158.77173913043478,49.90615942028985,330.16279069767444,Very Poor,17.42608695652174,61.43478260869565,0.0,5.073913043478261,0.0,2.0,320.1860465116279,Very Poor,384.6511627906977,245.3793103448276,279.51724137931035,230.09375,104.06666666666668,114.04347826086956,42.175,51.7275,62.41485507246377,303.18257150494526,309.8290754954749,43.377776950874576,149.40129830917874,143.46622693509136,42.555563115561846,52.10578502415459,54.960366972685335,6.670826965390235
2026-02-10,1,Delhi,145.58680555555557,41.17777777777778,320.1860465116279,Very Poor,19.55,59.875,0.0,4.441666666666666,1.0,2.0,308.6744186046512,Very Poor,330.16279069767444,384.6511627906977,245.3793103448276,158.77173913043478,230.09375,104.06666666666668,49.90615942028985,42.175,51.7275,320.0644212777333,312.1314010768702,44.06124049549811,164.3107185990338,146.4367238295013,42.83345593093276,47.93621980676329,54.26978726254041,6.942115914295957
2026-02-11,1,Delhi,130.85416666666666,57.348958333333336,308.6744186046512,Very Poor,20.529166666666665,54.208333333333336,0.0,7.908333333333332,2.0,2.0,186.3448275862069,Moderate,320.1860465116279,330.16279069767444,384.6511627906977,145.58680555555557,158.77173913043478,230.09375,41.17777777777778,49.90615942028985,42.175,345.00000000000006,314.6529957612556,43.92537720092888,178.1507648953301,149.6026960517235,41.651828588524424,44.41964573268922,51.87125551650867,8.232200913773664
2026-02-12,1,Delhi,85.61594202898551,44.63840579710145,186.3448275862069,Moderate,18.860869565217392,53.60869565217392,0.0,7.678260869565217,3.0,2.0,293.17241379310343,Poor,308.6744186046512,320.1860465116279,330.16279069767444,130.85416666666666,145.58680555555557,158.77173913043478,57.348958333333336,41.17777777777778,49.90615942028985,319.67441860465124,311.14469011341504,43.16831083190869,145.07090378421898,145.03173740510698,41.71128216385048,49.47763184380033,52.145918737060036,8.400927396428573
2026-02-13,1,Delhi,117.5173611111111,44.99548611111111,293.17241379310343,Poor,19.0875,53.625,0.0,5.120833333333334,4.0,2.0,305.6046511627907,Very Poor,186.3448275862069,308.6744186046512,320.1860465116279,85.61594202898551,130.85416666666666,145.58680555555557,44.63840579710145,57.348958333333336,41.17777777777778,271.7350975674954,293.5593997021423,64.0161793957057,120.6856380837359,138.43322118702554,47.41572927909726,47.72171396940419,49.91266520013802,7.946533920770179
2026-02-14,1,Delhi,127.21739130434784,51.52971014492754,305.6046511627907,Very Poor,20.034782608695654,52.73913043478261,0.0,6.769565217391304,5.0,2.0,296.58620689655174,Poor,293.17241379310343,186.3448275862069,308.6744186046512,117.5173611111111,85.61594202898551,130.85416666666666,44.99548611111111,44.63840579710145,57.348958333333336,262.7305533279872,295.51013861839846,63.72435068066418,111.3291566022544,138.92949016563145,47.13526273896791,48.99428341384864,47.42418391994479,5.822521406007308
2026-02-15,1,Delhi,118.65625,43.333333333333336,296.58620689655174,Poor,21.354166666666668,50.0,0.0,5.4750000000000005,6.0,2.0,346.27906976744185,Very Poor,305.6046511627907,293.17241379310343,186.3448275862069,127.21739130434784,117.5173611111111,85.61594202898551,51.52971014492754,44.99548611111111,44.63840579710145,261.70729751403366,304.1137587352503,59.77095239933655,110.11689814814815,142.23673654244308,45.04736323779524,47.054534017713365,47.39592822636301,5.798588344733869
2026-02-16,1,Delhi,179.61666666666667,50.965,346.27906976744185,Very Poor,17.78,67.0,0.0,4.12,0.0,2.0,148.79310344827587,Moderate,296.58620689655174,305.6046511627907,293.17241379310343,118.65625,127.21739130434784,117.5173611111111,43.333333333333336,51.52971014492754,44.99548611111111,298.4544239508153,291.53305075037235,48.1280784214216,121.13033413848632,126.31709368530021,23.23334148399427,46.619509863124,47.561404416839196,5.639099660448702
2026-02-17,1,Delhi,75.26666666666667,44.12083333333333,148.79310344827587,Moderate,25.48,42.1,0.0,7.26,1.0,2.0,155.6206896551724,Moderate,346.27906976744185,296.58620689655174,305.6046511627907,179.61666666666667,118.65625,127.21739130434784,50.965,43.333333333333336,51.52971014492754,316.1566426089281,293.8353763317677,50.605725077098015,141.83010265700483,129.29494047619048,28.763971699355203,48.60934782608697,47.712667356797795,5.726009276557082
2026-02-18,1,Delhi,76.82777777777778,53.211666666666666,155.6206896551724,Moderate,19.52,69.26666666666667,0.06,3.86,2.0,2.0,265.8620689655172,Poor,148.79310344827587,346.27906976744185,296.58620689655174,75.26666666666667,179.61666666666667,118.65625,44.12083333333333,50.965,43.333333333333336,263.8861267040898,269.35067017986023,72.4707225026513,124.51319444444444,119.24920634920635,33.939673175479335,46.139722222222225,48.13310386473431,5.254874169965095
2026-02-19,1,Delhi,109.6,43.23611111111111,265.8620689655172,Poor,19.666666666666668,71.93333333333334,0.0,3.7,3.0,2.0,252.20689655172413,Poor,155.6206896551724,148.79310344827587,346.27906976744185,76.82777777777778,75.26666666666667,179.61666666666667,53.211666666666666,44.12083333333333,50.965,216.89762095696338,247.48585175850613,81.19287017971043,110.57037037037037,111.5311507936508,36.876669044059554,49.432500000000005,47.54206219806763,4.1652676992325395
2026-02-20,1,Delhi,106.46739130434784,51.2268115942029,252.20689655172413,Poor,20.721739130434784,62.26086956521739,0.0,5.734782608695652,4.0,2.0,308.6744186046512,Very Poor,265.8620689655172,155.6206896551724,148.79310344827587,109.6,76.82777777777778,75.26666666666667,43.23611111111111,53.211666666666666,44.12083333333333,190.09195402298852,258.8454576698362,76.64840616400356,87.23148148148147,114.95744478951,35.14087644268378,46.856203703703706,47.3417343857833,4.3574802672987385
2026-02-21,1,Delhi,131.40579710144928,44.45978260869565,308.6744186046512,Very Poor,20.92608695652174,62.30434782608695,0.0,6.965217391304347,5.0,2.0,301.0,Very Poor,252.20689655172413,265.8620689655172,155.6206896551724,106.46739130434784,109.6,76.82777777777778,51.2268115942029,43.23611111111111,53.211666666666666,224.56321839080456,252.99324092106772,75.13971486038591,97.6317230273752,113.37887767425809,35.254720489143104,49.224863123993565,48.2319237405107,4.434104381899402
2026-02-22,1,Delhi,120.8611111111111,39.890972222222224,301.0,Very Poor,21.90833333333333,54.583333333333336,0.0,4.720833333333333,6.0,2.0,272.6896551724138,Poor,308.6744186046512,252.20689655172413,265.8620689655172,131.40579710144928,106.46739130434784,109.6,44.45978260869565,51.2268115942029,43.23611111111111,275.58112804063086,253.43177912704778,75.50601228390336,115.8243961352657,113.9772213595583,35.5629281672871,46.307568438003216,47.22193409247757,4.362353912409988
2026-02-23,1,Delhi,112.375,42.38576388888889,272.6896551724138,Poor,22.42083333333333,52.083333333333336,0.0,4.3375,0.0,2.0,310.2093023255814,Very Poor,301.0,308.6744186046512,252.20689655172413,120.8611111111111,131.40579710144928,106.46739130434784,39.890972222222224,44.45978260869565,51.2268115942029,287.2937717187918,254.06232099896897,75.94361424289373,119.57809983896938,114.29220151828848,35.620994045133074,45.192522141706924,46.730168219461696,5.018461588720715
2026-02-24,1,Delhi,132.84469696969697,49.033712121212126,310.2093023255814,Very Poor,22.095454545454547,54.36363636363637,0.0,4.3,1.0,2.0,231.72413793103448,Poor,272.6896551724138,301.0,308.6744186046512,112.375,120.8611111111111,131.40579710144928,42.38576388888889,39.890972222222224,44.45978260869565,294.1213579256883,243.54954748539353,65.41408518301965,121.54730273752011,104.68624913733609,21.227344657715324,42.245506239935594,45.504563060731535,4.856868556437912
2026-02-25,1,Delhi,100.44791666666669,60.49375,231.72413793103448,Poor,22.041666666666668,45.75,0.0,6.304166666666667,2.0,2.0,248.79310344827587,Poor,310.2093023255814,272.6896551724138,301.0,132.84469696969697,112.375,120.8611111111111,49.033712121212126,42.38576388888889,39.890972222222224,294.63298583266504,266.6090044678657,53.87730594677943,122.02693602693601,112.911682037769,18.962168890043557,43.77014941077442,46.206402887571365,4.977066809911363
2026-02-26,1,Delhi,104.57291666666669,48.30659722222222,248.79310344827587,Poor,22.804166666666664,43.875,0.0,7.4875,3.0,2.0,255.6206896551724,Poor,231.72413793103448,310.2093023255814,272.6896551724138,100.44791666666669,132.84469696969697,112.375,60.49375,49.033712121212126,42.38576388888889,271.54103180967655,277.4809256501317,30.24274506245101,115.22253787878788,116.28598759332455,12.456449660002916,50.63774200336701,47.246700506618986,7.0250290287048305
2026-02-27,1,Delhi,106.62847222222224,51.69652777777778,255.6206896551724,Poor,24.67083333333333,41.583333333333336,0.0,5.416666666666667,4.0,2.0,224.89655172413796,Poor,248.79310344827587,231.72413793103448,310.2093023255814,104.57291666666669,100.44791666666669,132.84469696969697,48.30659722222222,60.49375,49.033712121212126,263.57551456829725,275.0425020048115,31.974244104653238,112.62184343434343,115.56783283141979,13.037524083669817,52.61135311447811,47.97105566534915,6.800391141954101
2026-02-28,1,Delhi,98.04347826086956,47.709057971014495,224.89655172413796,Poor,25.33478260869565,42.130434782608695,0.0,6.556521739130435,5.0,2.0,182.9310344827586,Moderate,255.6206896551724,248.79310344827587,231.72413793103448,106.62847222222224,104.57291666666669,100.44791666666669,51.69652777777778,48.30659722222222,60.49375,245.3793103448276,275.5301867338756,31.591641247209942,103.88310185185185,115.59084439111612,13.018913362131281,53.49895833333334,48.03815797728841,6.840073036302935
2026-03-01,1,Delhi,85.39492753623188,38.30217391304348,182.9310344827586,Moderate,24.05217391304348,43.73913043478261,0.0,9.356521739130434,6.0,3.0,262.4482758620689,Poor,224.89655172413796,255.6206896551724,248.79310344827587,98.04347826086956,106.62847222222224,104.57291666666669,47.709057971014495,51.69652777777778,48.30659722222222,243.1034482758621,263.5619200366594,32.78907291055012,103.0816223832528,110.82479884246189,12.354106122122607,49.2373943236715,48.502340171905395,6.664769008484502
2026-03-02,1,Delhi,109.0719696969697,32.810227272727275,262.4482758620689,Poor,24.05454545454546,43.45454545454545,0.0,10.959090909090907,0.0,3.0,179.51724137931035,Moderate,182.9310344827586,224.89655172413796,255.6206896551724,85.39492753623188,98.04347826086956,106.62847222222224,38.30217391304348,47.709057971014495,51.69652777777778,221.1494252873563,246.6949249627678,39.91449408445133,96.68895933977454,105.75820118890772,14.617350060097419,45.90258655394526,48.275368984879854,7.024267434213916
2026-03-03,1,Delhi,84.45138888888889,34.89895833333333,179.51724137931035,Moderate,24.54583333333333,41.91666666666666,0.0,11.525,1.0,3.0,138.55172413793105,Moderate,262.4482758620689,182.9310344827586,224.89655172413796,109.0719696969697,85.39492753623188,98.04347826086956,32.810227272727275,38.30217391304348,47.709057971014495,223.42528735632183,245.23187077557563,38.97960877413515,97.5034584980237,105.28633971704623,14.42013637912127,39.60715305226176,46.90743518257106,9.013198264229835
2026-03-04,1,Delhi,72.13541666666667,19.38958333333333,138.55172413793105,Moderate,26.5625,45.458333333333336,0.0,11.908333333333331,2.0,3.0,124.89655172413794,Moderate,179.51724137931035,262.4482758620689,182.9310344827586,84.45138888888889,109.0719696969697,85.39492753623188,34.89895833333333,32.810227272727275,38.30217391304348,208.29885057471265,226.5615763546798,33.5974851504793,92.97276204069681,98.3730099912165,9.897097431532309,35.337119839701366,44.888184641445505,9.988053790119514
2026-03-05,1,Delhi,68.1123188405797,34.63876811594203,124.89655172413794,Moderate,26.969565217391303,46.0,0.0,10.360869565217392,3.0,3.0,235.1379310344828,Poor,138.55172413793105,179.51724137931035,262.4482758620689,72.13541666666667,84.45138888888889,109.0719696969697,19.38958333333333,34.89895833333333,32.810227272727275,193.50574712643677,213.2512315270936,46.99587063384683,88.55292508417507,94.32836713407364,13.888288473117901,29.032922979797984,39.0161608319217,11.283082204924959
2026-03-06,1,Delhi,100.65625,40.70763888888889,235.1379310344828,Poor,27.245833333333334,50.625,0.0,5.429166666666667,4.0,3.0,325.5581395348837,Very Poor,124.89655172413794,138.55172413793105,179.51724137931035,68.1123188405797,72.13541666666667,84.45138888888889,34.63876811594203,19.38958333333333,34.89895833333333,147.6551724137931,195.55172413793107,54.1634686089058,74.89970813204506,89.11971030177551,16.071335721815252,29.642436594202902,37.06361381673882,10.567323407567624
2026-03-07,1,Delhi,152.7125,47.44833333333334,325.5581395348837,Very Poor,26.485000000000003,57.15,0.0,3.455,5.0,3.0,303.30232558139534,Very Poor,235.1379310344828,124.89655172413794,138.55172413793105,100.65625,68.1123188405797,72.13541666666667,40.70763888888889,34.63876811594203,19.38958333333333,166.19540229885058,192.62561576354682,50.828044058869246,80.30132850241544,88.2665356986009,15.11713512980705,31.57866344605475,35.493772546897546,8.678670025303134
2026-03-08,1,Delhi,123.81597222222224,57.0625,303.30232558139534,Very Poor,28.3875,44.5,0.0,6.308333333333334,6.0,3.0,272.6896551724138,Poor,325.5581395348837,235.1379310344828,124.89655172413794,152.7125,100.65625,68.1123188405797,47.44833333333334,40.70763888888889,34.63876811594203,228.5308740978348,207.00584259365334,71.51112556769213,107.1603562801932,96.07639594704811,28.87300624102743,40.93158011272142,35.45652617008595,8.617854479745485
2026-03-09,1,Delhi,112.25877192982456,37.61140350877193,272.6896551724138,Poor,29.526315789473685,45.73684210526316,0.0,7.015789473684211,0.0,3.0,293.17241379310343,Poor,303.30232558139534,325.5581395348837,235.1379310344828,123.81597222222224,152.7125,100.65625,57.0625,47.44833333333334,40.70763888888889,287.9994653835873,224.20174132203002,78.85278498405047,125.72824074074073,101.56511661647531,30.12864328943586,48.40615740740741,38.13657275393688,11.930677133794424
2026-03-10,1,Delhi,117.61274509803924,36.8578431372549,293.17241379310343,Poor,28.694117647058825,46.0,0.0,4.888235294117647,1.0,3.0,303.30232558139534,Very Poor,272.6896551724138,303.30232558139534,325.5581395348837,112.25877192982456,123.81597222222224,152.7125,37.61140350877193,57.0625,47.44833333333334,300.5167067628976,225.66479550922213,79.7703651017538,129.59574805068226,102.02037407831172,30.28465366062791,47.374078947368425,38.822455073371835,11.7093918564198
2026-03-11,1,Delhi,124.40217391304348,46.20079365079365,303.30232558139534,Very Poor,28.89130434782609,34.869565217391305,0.0,8.056521739130435,2.0,3.0,224.89655172413796,Poor,293.17241379310343,272.6896551724138,303.30232558139534,117.61274509803924,112.25877192982456,123.81597222222224,36.8578431372549,37.61140350877193,57.0625,289.7214648489708,241.90124871119255,80.3763976311177,117.89582975002867,106.75771067961891,29.665686606406588,43.843915548675604,39.10229575964634,11.623086535036782
2026-03-12,1,Delhi,97.61458333333331,39.26493055555556,224.89655172413796,Poor,28.541666666666668,35.958333333333336,0.0,8.333333333333334,3.0,3.0,159.0344827586207,Moderate,303.30232558139534,293.17241379310343,272.6896551724138,124.40217391304348,117.61274509803924,112.25877192982456,46.20079365079365,36.8578431372549,37.61140350877193,289.72146484897087,265.43704891740174,68.28082032900166,118.09123031363576,114.22439028624417,25.82854519266618,40.22334676560683,42.93246866214067,7.8494470449921385
2026-03-13,1,Delhi,77.91666666666667,23.3984126984127,159.0344827586207,Moderate,26.277272727272727,43.0,0.0,9.177272727272728,4.0,3.0,224.89655172413796,Poor,224.89655172413796,303.30232558139534,293.17241379310343,97.61458333333331,124.40217391304348,117.61274509803924,39.26493055555556,46.20079365079365,36.8578431372549,273.7904303662122,279.722763203116,37.49878149483489,113.20983411480533,118.43899949949468,18.384343515056425,40.77452244786804,43.593349010656894,7.202903819995896
2026-03-14,1,Delhi,98.47916666666669,49.521875,224.89655172413796,Poor,26.27916666666667,39.375,0.0708333333333333,6.916666666666667,5.0,3.0,59.44827586206897,Satisfactory,159.0344827586207,224.89655172413796,303.30232558139534,77.91666666666667,97.61458333333331,124.40217391304348,23.3984126984127,39.26493055555556,46.20079365079365,229.0777866880513,268.85084202085005,58.004906067467495,99.97780797101449,115.19048759473279,23.38043337979658,36.28804563492064,41.12060241201744,10.551443346779722
2026-03-15,1,Delhi,35.963768115942024,30.143478260869564,59.44827586206897,Satisfactory,22.752173913043475,56.47826086956522,0.0391304347826086,12.278260869565216,6.0,3.0,74.65517241379311,Satisfactory,224.89655172413796,159.0344827586207,224.89655172413796,98.47916666666669,77.91666666666667,97.61458333333331,49.521875,23.3984126984127,39.26493055555556,202.9425287356322,254.4706151907435,53.93845311358688,91.33680555555554,107.44286854711372,16.985560613028667,37.39507275132275,41.41682265011268,10.785211462002202
2026-03-16,1,Delhi,45.30555555555555,40.23645833333333,74.65517241379311,Satisfactory,23.45,50.54166666666666,0.0124999999999999,9.929166666666667,0.0,3.0,211.24137931034485,Poor,59.44827586206897,224.89655172413796,159.0344827586207,35.963768115942024,98.47916666666669,77.91666666666667,30.143478260869564,49.521875,23.3984126984127,147.79310344827587,219.6343223736969,86.2267806065559,70.7865338164251,94.892553674788,30.192896699845534,34.35458865309409,37.571248115951185,8.913535467457942
2026-03-17,1,Delhi,94.1111111111111,63.482638888888886,211.24137931034485,Poor,24.691666666666663,50.333333333333336,0.0,4.9375,1.0,3.0,172.68965517241378,Moderate,74.65517241379311,59.44827586206897,224.89655172413796,45.30555555555555,35.963768115942024,98.47916666666669,40.23645833333333,30.143478260869564,49.521875,119.66666666666669,191.3436819796082,97.64895409064974,59.916163446054725,85.32780847846384,34.12369767494484,39.96727053140097,37.946255948031386,8.970544428909163
2026-03-18,1,Delhi,81.6875,49.40724637681159,172.68965517241378,Moderate,24.21666666666667,54.625,0.1625,6.65,2.0,3.0,94.93103448275862,Satisfactory,211.24137931034485,74.65517241379311,59.44827586206897,94.1111111111111,45.30555555555555,35.963768115942024,63.482638888888886,40.23645833333333,30.143478260869564,115.11494252873564,179.63924848207128,87.82537674444288,58.46014492753621,81.97043219461696,31.470848685975835,44.62085849436394,41.749798198264806,13.117911926169754
2026-03-19,1,Delhi,56.78125,39.10208333333333,94.93103448275862,Satisfactory,21.079166666666666,73.04166666666667,0.1333333333333333,7.475,3.0,3.0,98.3103448275862,Satisfactory,172.68965517241378,211.24137931034485,74.65517241379311,81.6875,94.1111111111111,45.30555555555555,49.40724637681159,63.482638888888886,40.23645833333333,152.86206896551724,160.98029556650246,69.03914993680317,73.70138888888886,75.86833592132504,25.434439234239573,51.04211453301127,42.207862873410235,13.353114924858447
2026-03-20,1,Delhi,58.97916666666666,30.485416666666666,98.3103448275862,Satisfactory,17.537499999999998,87.66666666666667,0.1166666666666666,4.6000000000000005,4.0,3.0,145.3793103448276,Moderate,94.93103448275862,172.68965517241378,211.24137931034485,56.78125,81.6875,94.1111111111111,39.10208333333333,49.40724637681159,63.482638888888886,159.6206896551724,142.41379310344828,66.41114030103715,77.52662037037034,70.03500258799171,24.27168213845329,50.66398953301128,42.184598984521344,13.359237107979308
2026-03-21,1,Delhi,74.28472222222221,39.94201388888889,145.3793103448276,Moderate,20.25,72.75,0.0,5.525,5.0,3.0,193.17241379310343,Moderate,98.3103448275862,94.93103448275862,172.68965517241378,58.97916666666666,56.78125,81.6875,30.485416666666666,39.10208333333333,49.40724637681159,121.97701149425286,133.73891625615764,67.82911093758922,65.81597222222221,67.32964544513456,24.30214497171667,39.6649154589372,43.19702812284334,11.885497318528094
2026-03-22,1,Delhi,88.10416666666667,38.66875,193.17241379310343,Moderate,22.195833333333336,64.875,0.05,6.795833333333333,6.0,3.0,148.79310344827587,Moderate,145.3793103448276,98.3103448275862,94.93103448275862,74.28472222222221,58.97916666666666,56.78125,39.94201388888889,30.485416666666666,39.10208333333333,112.87356321839081,122.37931034482759,55.56862047460479,63.3483796296296,63.87329623878536,20.567050806038008,36.50983796296296,41.82847653554175,11.583545618436947
2026-03-23,1,Delhi,75.47463768115942,43.16594202898551,148.79310344827587,Moderate,21.59130434782609,74.30434782608695,0.3652173913043478,4.395652173913043,0.0,3.0,186.3448275862069,Moderate,193.17241379310343,145.3793103448276,98.3103448275862,88.10416666666667,74.28472222222221,58.97916666666666,38.66875,39.94201388888889,30.485416666666666,145.6206896551724,141.48275862068965,53.26660262502258,73.78935185185183,71.3219246031746,18.06396202030623,36.36539351851852,43.04637249827467,10.552511293798629
2026-03-24,1,Delhi,85.66319444444444,48.61840277777778,186.3448275862069,Moderate,23.5,59.75,0.0,7.020833333333333,1.0,3.0,221.48275862068965,Poor,148.79310344827587,193.17241379310343,145.3793103448276,75.47463768115942,88.10416666666667,74.28472222222221,43.16594202898551,38.66875,39.94201388888889,162.44827586206895,152.07389162561574,44.39650118765771,79.28784219001608,75.63179347826086,13.953548668525695,40.592235305958134,43.464870169082126,10.48034402098776
2026-03-25,1,Delhi,96.72348484848484,55.88409090909091,221.48275862068965,Poor,25.681818181818183,47.90909090909091,0.0,5.454545454545454,2.0,3.0,159.0344827586207,Moderate,186.3448275862069,148.79310344827587,193.17241379310343,85.66319444444444,75.47463768115942,88.10416666666667,48.61840277777778,43.16594202898551,38.66875,176.1034482758621,148.51724137931032,39.60524593220936,83.08066626409015,74.42494824016562,12.363640374346856,43.48436493558777,41.34140786749482,6.497561768269969
2026-03-26,1,Delhi,77.76811594202898,49.259375,159.0344827586207,Moderate,28.054166666666664,42.16666666666666,0.0,6.845833333333334,3.0,3.0,100.0,Satisfactory,221.48275862068965,186.3448275862069,148.79310344827587,96.72348484848484,85.66319444444444,75.47463768115942,55.88409090909091,48.61840277777778,43.16594202898551,185.54022988505744,155.48768472906406,47.977433213225076,85.95377232469622,76.57294607566347,14.884782126589526,49.222811905284736,42.26667137210615,8.10091501944987
2026-03-27,1,Delhi,60.121212121212125,35.05681818181818,100.0,Satisfactory,26.318181818181817,48.27272727272727,0.0545454545454545,9.427272727272728,4.0,3.0,148.79310344827587,Moderate,159.0344827586207,221.48275862068965,186.3448275862069,77.76811594202898,96.72348484848484,85.66319444444444,49.259375,55.88409090909091,48.61840277777778,188.95402298850573,164.64532019704433,39.93628354857911,86.7182650783194,79.5710697816676,12.083986724164772,51.253956228956234,43.71771303877282,8.345593428647314
2026-03-28,1,Delhi,75.44444444444444,50.27037037037037,148.79310344827587,Moderate,28.15,39.833333333333336,0.0,6.788888888888889,5.0,3.0,152.20689655172413,Moderate,100.0,159.0344827586207,221.48275862068965,60.121212121212125,77.76811594202898,96.72348484848484,35.05681818181818,49.259375,55.88409090909091,160.17241379310346,164.88669950738918,39.47091984475532,78.2042709705753,79.73421913231695,11.763081909366656,46.73342803030303,44.37077039808018,7.243682570578755
2026-03-29,1,Delhi,75.51388888888889,40.12708333333333,152.20689655172413,Moderate,28.141666666666666,48.91666666666666,0.0,7.354166666666667,6.0,3.0,96.6206896551724,Satisfactory,148.79310344827587,100.0,159.0344827586207,75.44444444444444,60.121212121212125,77.76811594202898,50.27037037037037,35.05681818181818,49.259375,135.94252873563218,165.37438423645318,39.20995160193422,71.11125750256183,79.89989373549156,11.681421073792313,44.86218785072952,45.84624989543469,7.243131694755001
2026-03-30,1,Delhi,57.51811594202899,44.77246376811594,96.6206896551724,Satisfactory,26.543478260869566,53.04347826086956,0.008695652173913,7.78695652173913,0.0,3.0,66.20689655172414,Satisfactory,152.20689655172413,148.79310344827587,100.0,75.51388888888889,75.44444444444444,60.121212121212125,40.12708333333333,50.27037037037037,35.05681818181818,133.66666666666666,159.52216748768473,37.38412101933403,70.35984848484847,78.10128262438045,11.165538653236851,41.81809062850729,46.05458322876801,7.019808668535011
2026-03-31,1,Delhi,40.43055555555556,35.98715277777778,66.20689655172414,Satisfactory,25.829166666666666,53.833333333333336,0.0125,4.9750000000000005,1.0,3.0,104.41379310344828,Moderate,96.6206896551724,152.20689655172413,148.79310344827587,57.51811594202899,75.51388888888889,75.44444444444444,44.77246376811594,40.12708333333333,50.27037037037037,132.54022988505747,152.06896551724137,44.41858955324156,69.49214975845409,75.5360652330761,13.654795407137613,45.05663915727322,46.28408633435807,6.935382266068795
2026-04-01,1,Delhi,61.74652777777778,52.74166666666667,104.41379310344828,Moderate,27.0,49.5,0.0,4.308333333333334,2.0,4.0,211.24137931034485,Poor,66.20689655172414,96.6206896551724,152.20689655172413,40.43055555555556,57.51811594202899,75.51388888888889,35.98715277777778,44.77246376811594,40.12708333333333,105.01149425287356,134.9064039408867,51.59724171379285,57.82085346215779,69.07425967752054,18.05673545640146,40.29556662640902,44.47962204864378,7.814327983056616
2026-04-02,1,Delhi,94.06944444444444,61.746180555555554,211.24137931034485,Poor,28.72083333333333,45.625,0.0,4.908333333333333,3.0,4.0,114.65517241379312,Moderate,104.41379310344828,66.20689655172414,96.6206896551724,61.74652777777778,40.43055555555556,57.51811594202899,52.74166666666667,35.98715277777778,44.77246376811594,89.08045977011494,118.18226600985223,35.237547952234074,53.23173309178742,64.07755152456238,13.358645937704818,44.500427737520134,44.03070429972604,7.108341487587304
2026-04-03,1,Delhi,65.13541666666667,28.977083333333336,114.65517241379312,Moderate,25.10833333333333,58.458333333333336,0.0166666666666666,8.825000000000001,4.0,4.0,111.24137931034484,Moderate,211.24137931034485,104.41379310344828,66.20689655172414,94.06944444444444,61.74652777777778,40.43055555555556,61.746180555555554,52.74166666666667,35.98715277777778,127.28735632183911,125.64039408866995,48.39393548097596,65.41550925925924,66.40631273919317,17.05305795167558,50.15833333333334,45.81453366480541,9.724504130270168
2026-04-04,1,Delhi,63.98611111111112,43.95104166666667,111.24137931034484,Moderate,24.304166666666664,62.54166666666666,0.0958333333333333,4.7125,5.0,4.0,84.79310344827587,Satisfactory,114.65517241379312,211.24137931034485,104.41379310344828,65.13541666666667,94.06944444444444,61.74652777777778,28.977083333333336,61.746180555555554,52.74166666666667,143.4367816091954,127.73399014778326,47.406752724047514,73.65046296296295,67.1226276742581,16.849142661002432,47.82164351851852,44.94600011502185,11.029405552431475
2026-04-05,1,Delhi,51.48188405797101,41.335507246376814,84.79310344827587,Satisfactory,24.630434782608692,52.78260869565217,0.0391304347826087,5.0,6.0,4.0,62.82758620689656,Satisfactory,111.24137931034484,114.65517241379312,211.24137931034485,63.98611111111112,65.13541666666667,94.06944444444444,43.95104166666667,28.977083333333336,61.746180555555554,145.71264367816093,122.36945812807883,46.746610849937724,74.39699074074073,65.48572291235334,16.457979583687194,44.891435185185195,44.04323887163561,10.776694759990413
2026-04-06,1,Delhi,38.094202898550726,34.9572463768116,62.82758620689656,Satisfactory,26.169565217391305,37.95652173913044,0.0,7.147826086956522,0.0,4.0,62.82758620689656,Satisfactory,84.79310344827587,111.24137931034484,114.65517241379312,51.48188405797101,63.98611111111112,65.13541666666667,41.335507246376814,43.95104166666667,28.977083333333336,103.56321839080461,112.73891625615764,46.518727586931476,60.20113727858291,62.05257936507936,16.523864657698503,38.08787741545894,44.21587085921325,10.712996961886489
2026-04-07,1,Delhi,38.15151515151516,35.45151515151515,62.82758620689656,Satisfactory,21.45909090909091,67.22727272727273,0.3272727272727272,9.286363636363635,1.0,4.0,56.06896551724138,Satisfactory,62.82758620689656,84.79310344827587,111.24137931034484,38.094202898550726,51.48188405797101,63.98611111111112,34.9572463768116,41.335507246376814,43.95104166666667,86.28735632183908,107.9113300492611,50.08685226063703,51.1873993558776,59.27773464458247,18.87579014316341,40.08126509661836,42.81369694616978,11.256550043532311
2026-04-08,1,Delhi,34.289855072463766,28.060144927536232,56.06896551724138,Satisfactory,20.56086956521739,71.3913043478261,0.1391304347826087,6.673913043478261,2.0,4.0,100.0,Satisfactory,62.82758620689656,62.82758620689656,84.79310344827587,38.15151515151516,38.094202898550726,51.48188405797101,35.45151515151515,34.9572463768116,41.335507246376814,70.14942528735634,107.42857142857144,50.569769313569466,42.575867369345616,58.95215744400526,19.270580807858057,37.24808959156786,42.73717728527511,11.312371855482656
2026-04-09,1,Delhi,59.65151515151515,48.71136363636364,100.0,Satisfactory,22.4,58.45454545454545,0.0,5.550000000000001,3.0,4.0,84.79310344827587,Satisfactory,56.06896551724138,62.82758620689656,62.82758620689656,34.289855072463766,38.15151515151516,38.094202898550726,28.060144927536232,35.45151515151515,34.9572463768116,60.57471264367817,100.52216748768475,54.21967775297764,36.8451910408432,55.0297756289604,21.29497909138534,32.822968818621,39.211245608256476,11.51896012154895
2026-04-10,1,Delhi,50.98913043478261,29.571296296296296,84.79310344827587,Satisfactory,26.00434782608696,36.391304347826086,0.0,13.821739130434782,4.0,4.0,93.24137931034484,Satisfactory,100.0,56.06896551724138,62.82758620689656,59.65151515151515,34.289855072463766,38.15151515151516,48.71136363636364,28.060144927536232,35.45151515151515,72.96551724137932,84.6305418719212,24.53692174762154,44.030961791831345,50.11292858711336,13.221786617652809,37.40767457180502,37.349128905514775,7.684131406753879
2026-04-11,1,Delhi,56.420138888888886,50.973333333333336,93.24137931034484,Satisfactory,27.90833333333333,33.583333333333336,0.0,8.808333333333334,5.0,4.0,94.93103448275862,Satisfactory,84.79310344827587,100.0,56.06896551724138,50.98913043478261,59.65151515151515,34.289855072463766,29.571296296296296,48.71136363636364,28.060144927536232,80.28735632183908,80.36453201970446,20.750579428733825,48.310166886253825,48.09203055398707,11.513747056829775,35.4476016200654,37.43401647165234,7.578789971577634
2026-04-12,1,Delhi,57.29710144927536,8.118115942028986,94.93103448275862,Satisfactory,28.617391304347827,29.26086956521739,0.0,9.543478260869565,6.0,4.0,100.0,Satisfactory,93.24137931034484,84.79310344827587,100.0,56.420138888888886,50.98913043478261,59.65151515151515,50.973333333333336,29.571296296296296,48.71136363636364,92.67816091954023,77.79310344827586,17.076626633210193,55.686928158395524,47.01117737938389,10.032913454543014,43.08533108866444,38.437200995461865,8.929587280184395
2026-04-13,1,Delhi,59.68402777777778,41.50451388888889,100.0,Satisfactory,28.73333333333333,27.791666666666668,0.0,8.758333333333333,0.0,4.0,159.0344827586207,Moderate,94.93103448275862,93.24137931034484,84.79310344827587,57.29710144927536,56.420138888888886,50.98913043478261,8.118115942028986,50.973333333333336,29.571296296296296,90.98850574712644,79.24137931034484,18.16449477393791,54.902123590982264,47.8419227209988,10.684398012408927,29.554248523886212,33.69185938055504,14.327386619249069
2026-04-14,1,Delhi,78.17063492063491,48.71190476190476,159.0344827586207,Moderate,30.72380952380952,24.761904761904763,0.0,7.066666666666667,1.0,4.0,204.41379310344828,Poor,100.0,94.93103448275862,93.24137931034484,59.68402777777778,57.29710144927536,56.420138888888886,41.50451388888889,8.118115942028986,50.973333333333336,96.05747126436783,84.55172413793105,17.999086161680417,57.80042270531399,50.926183418031236,10.516391391802282,33.531987721417075,34.62718331085179,14.634187110204296
2026-04-15,1,Delhi,91.92753623188406,53.17572463768117,204.41379310344828,Poor,32.34782608695652,20.73913043478261,0.0,7.782608695652174,2.0,4.0,293.17241379310343,Poor,159.0344827586207,100.0,94.93103448275862,78.17063492063491,59.68402777777778,57.29710144927536,48.71190476190476,41.50451388888889,8.118115942028986,117.98850574712644,98.29556650246306,30.814751224716847,65.05058804922933,56.64320052790549,12.999005880896359,32.77817819760755,36.52152468376459,15.585980586032724
2026-04-16,1,Delhi,118.10416666666669,54.01822916666666,293.17241379310343,Poor,31.89375,24.3125,0.0,4.78125,3.0,4.0,145.3793103448276,Moderate,204.41379310344828,159.0344827586207,100.0,91.92753623188406,78.17063492063491,59.68402777777778,53.17572463768117,48.71190476190476,41.50451388888889,154.48275862068968,119.48768472906404,44.78010052822644,76.5940663100989,64.87715497925124,14.631992203287275,47.79738109615828,40.10946464235673,16.19254448642864
2026-04-17,1,Delhi,74.13492063492063,53.63769841269841,145.3793103448276,Moderate,32.34761904761905,27.285714285714285,0.0,7.671428571428571,4.0,4.0,265.8620689655172,Poor,293.17241379310343,204.41379310344828,159.0344827586207,118.10416666666669,91.92753623188406,78.17063492063491,54.01822916666666,53.17572463768117,48.71190476190476,218.87356321839079,147.08374384236456,77.98222267902294,96.06744593972853,73.22753376713003,24.50264222241487,51.968619522084204,40.86758828954287,16.776117874866387
2026-04-18,1,Delhi,110.3095238095238,52.215873015873015,265.8620689655172,Poor,33.06190476190476,26.52380952380953,0.0,6.433333333333333,5.0,4.0,238.55172413793105,Poor,145.3793103448276,293.17241379310343,204.41379310344828,74.13492063492063,118.10416666666669,91.92753623188406,53.63769841269841,54.01822916666666,53.17572463768117,214.32183908045977,155.73891625615764,73.12746801535289,94.72220784449046,76.5340752242926,22.479698650775784,53.61055073901542,44.30564573474317,16.539632263615687
2026-04-19,1,Delhi,101.90625,54.484027777777776,238.55172413793105,Poor,33.5625,21.916666666666668,0.0,8.329166666666667,6.0,4.0,159.0344827586207,Moderate,265.8620689655172,145.3793103448276,293.17241379310343,110.3095238095238,74.13492063492063,118.10416666666669,52.215873015873015,53.63769841269841,54.01822916666666,234.80459770114942,180.39901477832512,77.51352881326952,100.84953703703702,84.2325587843833,23.64094279328471,53.290600198412704,44.48315140367741,16.629540444557456
2026-04-20,1,Delhi,77.96031746031747,57.9563492063492,159.0344827586207,Moderate,32.07619047619048,19.61904761904762,0.0,9.457142857142856,0.0,4.0,165.86206896551724,Moderate,238.55172413793105,265.8620689655172,145.3793103448276,101.90625,110.3095238095238,74.13492063492063,54.484027777777776,52.215873015873015,53.63769841269841,216.59770114942526,200.91625615763547,69.7380150848572,95.45023148148145,90.60529429162969,21.039341130956235,53.445866402116415,51.10685309449867,4.6500438686677334
2026-04-21,1,Delhi,79.74305555555556,51.79340277777778,165.86206896551724,Moderate,32.920833333333334,20.75,0.0,10.8125,1.0,4.0,211.24137931034485,Poor,159.0344827586207,238.55172413793105,265.8620689655172,77.96031746031747,101.90625,110.3095238095238,57.9563492063492,54.484027777777776,52.215873015873015,221.14942528735637,209.34975369458127,58.09829244347868,96.72536375661373,93.21619281770677,17.378034170555388,54.885416666666664,53.457115282707285,2.7623058054401275
2026-04-22,1,Delhi,93.79166666666669,51.146875,211.24137931034485,Poor,33.72083333333333,19.875,0.0,10.3375,2.0,4.0,162.44827586206895,Moderate,165.86206896551724,159.0344827586207,238.55172413793105,79.74305555555556,77.96031746031747,101.90625,51.79340277777778,57.9563492063492,54.484027777777776,187.81609195402302,210.32512315270938,57.16257855707735,86.53654100529099,93.44082433698118,17.159933128329346,54.744593253968254,53.89732928497485,2.0279874265876763
2026-04-23,1,Delhi,78.92391304347827,44.19347826086957,162.44827586206895,Moderate,34.482608695652175,18.91304347826087,0.0,8.51304347826087,3.0,4.0,228.31034482758625,Poor,211.24137931034485,165.86206896551724,159.0344827586207,93.79166666666669,79.74305555555556,77.96031746031747,51.146875,51.79340277777778,57.9563492063492,178.71264367816093,211.3004926108374,57.10312105758085,83.83167989417989,93.70712868480724,17.146994164303663,53.632208994709,53.607493622448985,2.2778882962890648
2026-04-24,1,Delhi,99.09420289855072,55.47355072463768,228.31034482758625,Poor,35.36521739130435,22.565217391304348,0.0,6.465217391304347,4.0,4.0,231.72413793103448,Poor,162.44827586206895,211.24137931034485,165.86206896551724,78.92391304347827,93.79166666666669,79.74305555555556,44.19347826086957,51.146875,51.79340277777778,179.85057471264372,192.62561576354682,46.20041311767605,84.15287842190016,88.10994959578034,13.95316905074042,49.0445853462158,52.20395777876367,4.199171387139522
2026-04-25,1,Delhi,100.0,48.774275362318846,231.72413793103448,Poor,36.0304347826087,22.08695652173913,0.0,9.634782608695652,5.0,4.0,189.7586206896552,Moderate,228.31034482758625,162.44827586206895,211.24137931034485,99.09420289855072,78.92391304347827,93.79166666666669,55.47355072463768,44.19347826086957,51.146875,200.6666666666667,204.4729064039409,42.55495951804131,90.6032608695652,91.67556134772748,12.938977518557593,50.271301328502425,52.466222394755,4.3579694957654596
2026-04-26,1,Delhi,86.84722222222223,44.12152777777778,189.7586206896552,Moderate,35.291666666666664,23.83333333333333,0.0,9.454166666666667,6.0,4.0,200.0,Moderate,231.72413793103448,228.31034482758625,162.44827586206895,100.0,99.09420289855072,78.92391304347827,48.774275362318846,55.47355072463768,44.19347826086957,207.49425287356325,199.5960591133005,35.76092453304967,92.67270531400963,90.20277223208123,10.888761811672959,49.48043478260871,51.97456558710441,4.579430494420619
2026-04-27,1,Delhi,90.03125,42.14930555555556,200.0,Moderate,35.791666666666664,22.5,0.0,11.5625,0.0,4.0,148.79310344827587,Moderate,189.7586206896552,231.72413793103448,228.31034482758625,86.84722222222223,100.0,99.09420289855072,44.12152777777778,48.774275362318846,55.47355072463768,216.59770114942535,192.62561576354685,31.390508476644545,95.31380837359097,88.05148254954156,9.602801636893673,49.45645128824478,50.49420844424726,5.2576880751716635
2026-04-28,1,Delhi,74.51811594202898,41.06159420289855,148.79310344827587,Moderate,32.95652173913044,34.43478260869565,0.0,6.365217391304348,1.0,4.0,84.79310344827587,Satisfactory,200.0,189.7586206896552,231.72413793103448,90.03125,86.84722222222223,100.0,42.14930555555556,44.12152777777778,48.774275362318846,207.1609195402299,198.47783251231527,27.684118114676032,92.29282407407406,89.77590148378191,8.510339959325178,45.01503623188407,48.236059351276744,4.901001624846709
2026-04-29,1,Delhi,50.72916666666666,46.7625,84.79310344827587,Satisfactory,31.516666666666666,37.083333333333336,0.0,5.158333333333333,2.0,4.0,69.58620689655173,Satisfactory,148.79310344827587,200.0,189.7586206896552,74.51811594202898,90.03125,86.84722222222223,41.06159420289855,42.14930555555556,44.12152777777778,179.51724137931038,196.03940886699507,31.521488110049546,83.79886272141705,89.0294815389924,9.685017126300982,42.4441425120773,46.702943840579714,5.267574667842004
2026-04-30,1,Delhi,41.76388888888889,22.509027777777774,69.58620689655173,Satisfactory,29.84583333333333,44.833333333333336,0.0375,10.104166666666666,3.0,4.0,74.65517241379311,Satisfactory,84.79310344827587,148.79310344827587,200.0,50.72916666666666,74.51811594202898,90.03125,46.7625,41.06159420289855,42.14930555555556,144.52873563218392,177.9753694581281,51.35188928953955,71.75951086956519,82.87769582470669,17.03976613800827,43.32446658615138,46.076604554865426,4.898859965481756
2026-05-01,1,Delhi,45.22916666666666,23.163194444444443,74.65517241379311,Satisfactory,30.15833333333333,46.25,0.0,7.595833333333334,4.0,5.0,104.41379310344828,Moderate,69.58620689655173,84.79310344827587,148.79310344827587,41.76388888888889,50.72916666666666,74.51811594202898,22.509027777777774,46.7625,41.06159420289855,101.05747126436785,164.70935960591132,65.95113090399592,55.67039049919483,77.56912094547963,23.16451212510246,36.77770732689211,42.978825914423744,10.236404452874265
2026-05-02,1,Delhi,62.23611111111112,25.80787037037037,104.41379310344828,Moderate,31.355555555555554,41.888888888888886,0.1277777777777777,7.466666666666667,5.0,5.0,59.44827586206897,Satisfactory,74.65517241379311,69.58620689655173,84.79310344827587,45.22916666666666,41.76388888888889,50.72916666666666,23.163194444444443,22.509027777777774,46.7625,76.34482758620692,142.75862068965517,66.81957889467965,45.90740740740738,69.87411576949619,23.761381444915013,30.811574074074084,38.363060731538994,10.924803138144595
2026-05-03,1,Delhi,35.64855072463768,16.123958333333334,59.44827586206897,Satisfactory,29.570833333333336,51.25,0.1625,13.0375,6.0,5.0,25.0,Good,104.41379310344828,74.65517241379311,69.58620689655173,62.23611111111112,45.22916666666666,41.76388888888889,25.80787037037037,23.163194444444443,22.509027777777774,82.8850574712644,124.57142857142858,54.816636140480064,49.74305555555554,64.47927449965492,19.72586929740073,23.826697530864205,35.08214573268921,10.72377836051391
2026-05-04,1,Delhi,15.220588235294118,18.972463768115944,25.0,Good,25.578260869565216,65.91304347826087,0.0695652173913043,10.152173913043478,0.0,5.0,62.82758620689656,Satisfactory,59.44827586206897,104.41379310344828,74.65517241379311,35.64855072463768,62.23611111111112,45.22916666666666,16.123958333333334,25.80787037037037,23.163194444444443,79.5057471264368,105.95566502463055,50.982039357147876,47.704609500805134,57.16517857142856,19.54086773307663,21.698341049382723,31.08249295491143,11.942350545189205
2026-05-05,1,Delhi,37.81410256410256,22.89294871794872,62.82758620689656,Satisfactory,27.45384615384615,58.76923076923077,0.1,6.061538461538461,1.0,5.0,79.72413793103448,Satisfactory,25.0,59.44827586206897,104.41379310344828,15.220588235294118,35.64855072463768,62.23611111111112,18.972463768115944,16.123958333333334,25.80787037037037,62.95402298850578,80.95566502463055,38.57782778726522,37.70175002368096,46.47794117647057,19.020707031787,20.301430823939892,27.771515556705772,11.569780217678778
